,dataset_id,cell_type,diseases,n_cells,n_donors,min_donors_per_disease,n_diseases,min_cells_per_disease
0,9f222629-9e39-47d0-b83f-e08d610c7479,club cell,"['COVID-19' 'chronic rhinitis' 'cystic fibrosis'
 'interstitial lung disease' 'lung adenocarcinoma' 'normal' 'pneumonia'
 'pulmonary fibrosis']",49967,289,3,8,80
1,7b20c613-9add-43d1-87e9-defd3d9b9f8c,malignant cell,"['HER2 positive breast carcinoma' 'basal cell carcinoma'
 'estrogen-receptor positive breast cancer' 'melanoma'
 'metastatic melanoma' 'nonpapillary renal cell carcinoma'
 'triple-negative breast carcinoma']",87235,105,4,7,3108
2,9f222629-9e39-47d0-b83f-e08d610c7479,alveolar adventitial fibroblast,"['COVID-19' 'chronic obstructive pulmonary disease' 'chronic rhinitis'
 'hypersensitivity pneumonitis' 'interstitial lung disease' 'normal'
 'pulmonary fibrosis']",15803,217,3,7,58
3,9f222629-9e39-47d0-b83f-e08d610c7479,plasmacytoid dendritic cell,"['COVID-19' 'chronic obstructive pulmonary disease'
 'interstitial lung disease' 'lung adenocarcinoma' 'normal'
 'pulmonary fibrosis' 'squamous cell lung carcinoma']",3018,189,3,7,55
4,6a270451-b4d9-43e0-aa89-e33aac1ac74b,plasma cell,"['colon sessile serrated adenoma/polyp' 'colorectal cancer'
 'hyperplastic polyp' 'normal' 'tubular adenoma' 'tubulovillous adenoma']",2236,54,4,6,114
5,6a270451-b4d9-43e0-aa89-e33aac1ac74b,T cell,"['colon sessile serrated adenoma/polyp' 'colorectal cancer'
 'hyperplastic polyp' 'normal' 'tubular adenoma' 'tubulovillous adenoma']",4410,58,3,6,249
6,9f222629-9e39-47d0-b83f-e08d610c7479,multi-ciliated epithelial cell,"['COVID-19' 'chronic rhinitis' 'cystic fibrosis' 'normal'
 'pulmonary fibrosis']",7311,217,12,5,53
7,7b20c613-9add-43d1-87e9-defd3d9b9f8c,T cell,"['HER2 positive breast carcinoma' 'basal cell carcinoma'
 'estrogen-receptor positive breast cancer' 'metastatic melanoma'
 'triple-negative breast carcinoma']",76805,71,4,5,761
8,7b20c613-9add-43d1-87e9-defd3d9b9f8c,endothelial cell,"['HER2 positive breast carcinoma' 'basal cell carcinoma'
 'estrogen-receptor positive breast cancer'
 'nonpapillary renal cell carcinoma' 'triple-negative breast carcinoma']",12324,47,3,5,191
9,9f222629-9e39-47d0-b83f-e08d610c7479,mesothelial cell,"['COVID-19' 'chronic obstructive pulmonary disease'
 'interstitial lung disease' 'normal' 'pulmonary fibrosis']",2105,94,3,5,124
10,9f222629-9e39-47d0-b83f-e08d610c7479,dendritic cell,"['COVID-19' 'chronic obstructive pulmonary disease' 'normal'
 'pulmonary fibrosis' 'squamous cell lung carcinoma']",1754,187,3,5,71
11,9f222629-9e39-47d0-b83f-e08d610c7479,conventional dendritic cell,"['COVID-19' 'chronic obstructive pulmonary disease' 'normal'
 'pulmonary fibrosis']",923,157,15,4,61
12,4a5b00e0-1ba3-4fd4-af89-d3512eb20720,hematopoietic precursor cell,"['hematologic disorder' 'myelodysplastic syndrome'
 'myelodysplastic/myeloproliferative disease' 'normal']",211334,107,10,4,25222
13,4a5b00e0-1ba3-4fd4-af89-d3512eb20720,hematopoietic multipotent progenitor cell,"['hematologic disorder' 'myelodysplastic syndrome'
 'myelodysplastic/myeloproliferative disease' 'normal']",199764,107,10,4,21654
14,d9f3a82c-24bb-4277-b715-8ec92a33dd32,hematopoietic multipotent progenitor cell,"['hematologic disorder' 'myelodysplastic syndrome'
 'myelodysplastic/myeloproliferative disease' 'normal']",190600,132,10,4,7825
15,d9f3a82c-24bb-4277-b715-8ec92a33dd32,hematopoietic precursor cell,"['hematologic disorder' 'myelodysplastic syndrome'
 'myelodysplastic/myeloproliferative disease' 'normal']",184356,132,10,4,13637
16,4a5b00e0-1ba3-4fd4-af89-d3512eb20720,B cell,"['hematologic disorder' 'myelodysplastic syndrome'
 'myelodysplastic/myeloproliferative disease' 'normal']",67112,107,10,4,6897
17,4a5b00e0-1ba3-4fd4-af89-d3512eb20720,unknown,"['hematologic disorder' 'myelodysplastic syndrome'
 'myelodysplastic/myeloproliferative disease' 'normal']",10354,107,10,4,972
18,d9f3a82c-24bb-4277-b715-8ec92a33dd32,unknown,"['hematologic disorder' 'myelodysplastic syndrome'
 'myelodysplastic/myeloproliferative disease' 'normal']",5730,131,10,4,497
19,9f222629-9e39-47d0-b83f-e08d610c7479,ionocyte,['COVID-19' 'chronic rhinitis' 'cystic fibrosis' 'normal'],1704,141,10,4,58
20,ac0c6561-7a48-4185-af6f-af799f699172,oligodendrocyte,"['Alzheimer disease' 'Pick disease' 'normal'
 'progressive supranuclear palsy']",142243,40,9,4,32407
21,ac0c6561-7a48-4185-af6f-af799f699172,glutamatergic neuron,"['Alzheimer disease' 'Pick disease' 'normal'
 'progressive supranuclear palsy']",134457,40,9,4,27291
22,d9f3a82c-24bb-4277-b715-8ec92a33dd32,B cell,"['hematologic disorder' 'myelodysplastic syndrome'
 'myelodysplastic/myeloproliferative disease' 'normal']",92087,131,9,4,683
23,ac0c6561-7a48-4185-af6f-af799f699172,astrocyte,"['Alzheimer disease' 'Pick disease' 'normal'
 'progressive supranuclear palsy']",59096,40,9,4,12789
24,ac0c6561-7a48-4185-af6f-af799f699172,inhibitory interneuron,"['Alzheimer disease' 'Pick disease' 'normal'
 'progressive supranuclear palsy']",39002,40,9,4,8061
25,ac0c6561-7a48-4185-af6f-af799f699172,oligodendrocyte precursor cell,"['Alzheimer disease' 'Pick disease' 'normal'
 'progressive supranuclear palsy']",27413,40,9,4,5677
26,ac0c6561-7a48-4185-af6f-af799f699172,microglial cell,"['Alzheimer disease' 'Pick disease' 'normal'
 'progressive supranuclear palsy']",21575,40,9,4,3605
27,4a5b00e0-1ba3-4fd4-af89-d3512eb20720,monocyte,"['hematologic disorder' 'myelodysplastic syndrome'
 'myelodysplastic/myeloproliferative disease' 'normal']",20643,106,9,4,1887
28,ac0c6561-7a48-4185-af6f-af799f699172,endothelial cell of vascular tree,"['Alzheimer disease' 'Pick disease' 'normal'
 'progressive supranuclear palsy']",5920,40,9,4,1140
29,d9f3a82c-24bb-4277-b715-8ec92a33dd32,dendritic cell,"['hematologic disorder' 'myelodysplastic syndrome'
 'myelodysplastic/myeloproliferative disease' 'normal']",3139,116,9,4,180
30,4a5b00e0-1ba3-4fd4-af89-d3512eb20720,dendritic cell,"['hematologic disorder' 'myelodysplastic syndrome'
 'myelodysplastic/myeloproliferative disease' 'normal']",1872,95,9,4,76
31,d9f3a82c-24bb-4277-b715-8ec92a33dd32,monocyte,"['hematologic disorder' 'myelodysplastic syndrome'
 'myelodysplastic/myeloproliferative disease' 'normal']",15703,126,8,4,1108
32,4a5b00e0-1ba3-4fd4-af89-d3512eb20720,lymphocyte,"['hematologic disorder' 'myelodysplastic syndrome'
 'myelodysplastic/myeloproliferative disease' 'normal']",4224,104,8,4,334
33,ac0c6561-7a48-4185-af6f-af799f699172,pericyte,"['Alzheimer disease' 'Pick disease' 'normal'
 'progressive supranuclear palsy']",2570,39,8,4,457
34,d9f3a82c-24bb-4277-b715-8ec92a33dd32,lymphocyte,"['hematologic disorder' 'myelodysplastic syndrome'
 'myelodysplastic/myeloproliferative disease' 'normal']",3695,123,7,4,100
35,9f222629-9e39-47d0-b83f-e08d610c7479,myofibroblast cell,['COVID-19' 'interstitial lung disease' 'normal' 'pulmonary fibrosis'],1236,90,7,4,128
36,7bb64315-9e5a-41b9-9235-59acf9642a3e,unknown,"['Barrett esophagus' 'gastric cancer' 'gastric intestinal metaplasia'
 'normal']",149835,57,6,4,168
37,3966ba97-beb8-4d0b-9954-d3775cd2cd61,macrophage,['Plasmodium malariae malaria' 'listeriosis' 'normal' 'toxoplasmosis'],9644,20,6,4,1501
38,6a270451-b4d9-43e0-aa89-e33aac1ac74b,myeloid cell,"['colon sessile serrated adenoma/polyp' 'colorectal cancer' 'normal'
 'tubular adenoma']",1159,47,6,4,107
39,3966ba97-beb8-4d0b-9954-d3775cd2cd61,Hofbauer cell,['Plasmodium malariae malaria' 'listeriosis' 'normal' 'toxoplasmosis'],40458,17,5,4,6248
40,7bb64315-9e5a-41b9-9235-59acf9642a3e,foveolar cell of stomach,['Barrett esophagus' 'gastric intestinal metaplasia' 'gastritis' 'normal'],31638,38,5,4,2061
41,7bb64315-9e5a-41b9-9235-59acf9642a3e,mucous neck cell,['Barrett esophagus' 'gastric intestinal metaplasia' 'gastritis' 'normal'],8983,36,5,4,609
42,7bb64315-9e5a-41b9-9235-59acf9642a3e,fibroblast,['Barrett esophagus' 'gastric intestinal metaplasia' 'gastritis' 'normal'],5754,37,5,4,292
43,7bb64315-9e5a-41b9-9235-59acf9642a3e,IgA plasma cell,['Barrett esophagus' 'gastric intestinal metaplasia' 'gastritis' 'normal'],5282,38,5,4,189
44,7bb64315-9e5a-41b9-9235-59acf9642a3e,"activated CD8-positive, alpha-beta T cell",['Barrett esophagus' 'gastric intestinal metaplasia' 'gastritis' 'normal'],4865,38,5,4,130
45,7bb64315-9e5a-41b9-9235-59acf9642a3e,stem cell,['Barrett esophagus' 'gastric intestinal metaplasia' 'gastritis' 'normal'],4041,34,5,4,151
46,7bb64315-9e5a-41b9-9235-59acf9642a3e,natural T-regulatory cell,['Barrett esophagus' 'gastric intestinal metaplasia' 'gastritis' 'normal'],3247,37,5,4,116
47,7bb64315-9e5a-41b9-9235-59acf9642a3e,enteroendocrine cell,['Barrett esophagus' 'gastric intestinal metaplasia' 'gastritis' 'normal'],2595,38,5,4,198
48,7bb64315-9e5a-41b9-9235-59acf9642a3e,gamma-delta T cell,['Barrett esophagus' 'gastric intestinal metaplasia' 'gastritis' 'normal'],2452,38,5,4,91
49,9f222629-9e39-47d0-b83f-e08d610c7479,smooth muscle cell,['COVID-19' 'interstitial lung disease' 'normal' 'pulmonary fibrosis'],1437,52,5,4,112
50,7bb64315-9e5a-41b9-9235-59acf9642a3e,endothelial cell of artery,['Barrett esophagus' 'gastric intestinal metaplasia' 'gastritis' 'normal'],1255,33,5,4,62
51,7bb64315-9e5a-41b9-9235-59acf9642a3e,macrophage,['Barrett esophagus' 'gastric intestinal metaplasia' 'gastritis' 'normal'],1096,38,5,4,73
52,7bb64315-9e5a-41b9-9235-59acf9642a3e,mast cell,['Barrett esophagus' 'gastric intestinal metaplasia' 'gastritis' 'normal'],1008,37,5,4,152
53,d6dfdef1-406d-4efb-808c-3c5eddbfe0cb,brush cell,"['colon sessile serrated adenoma/polyp' 'colorectal cancer' 'normal'
 'tubular adenoma']",678,26,5,4,88
54,7b20c613-9add-43d1-87e9-defd3d9b9f8c,fibroblast,"['HER2 positive breast carcinoma' 'basal cell carcinoma'
 'estrogen-receptor positive breast cancer'
 'triple-negative breast carcinoma']",36368,48,4,4,1025
55,7b20c613-9add-43d1-87e9-defd3d9b9f8c,myeloid cell,"['HER2 positive breast carcinoma'
 'estrogen-receptor positive breast cancer'
 'nonpapillary renal cell carcinoma' 'triple-negative breast carcinoma']",30027,49,4,4,2370
56,3966ba97-beb8-4d0b-9954-d3775cd2cd61,fibroblast,['Plasmodium malariae malaria' 'listeriosis' 'normal' 'toxoplasmosis'],26511,13,4,4,4103
57,3966ba97-beb8-4d0b-9954-d3775cd2cd61,endothelial cell of placenta,['Plasmodium malariae malaria' 'listeriosis' 'normal' 'toxoplasmosis'],23505,16,4,4,3078
58,3966ba97-beb8-4d0b-9954-d3775cd2cd61,perivascular cell,['Plasmodium malariae malaria' 'listeriosis' 'normal' 'toxoplasmosis'],16615,13,4,4,2230
59,7bb64315-9e5a-41b9-9235-59acf9642a3e,memory T cell,['Barrett esophagus' 'gastric intestinal metaplasia' 'gastritis' 'normal'],2265,36,4,4,72
60,7bb64315-9e5a-41b9-9235-59acf9642a3e,vein endothelial cell,['Barrett esophagus' 'gastric intestinal metaplasia' 'gastritis' 'normal'],1966,35,4,4,142
61,d6dfdef1-406d-4efb-808c-3c5eddbfe0cb,intestinal epithelial cell,"['colon sessile serrated adenoma/polyp' 'colorectal cancer' 'normal'
 'tubular adenoma']",1543,24,4,4,86
62,a19d1667-a7b5-4556-9e5f-f9bfa690c0f1,skin fibroblast,['injury' 'keloid' 'localized scleroderma' 'normal'],93317,186,3,4,1074
63,3966ba97-beb8-4d0b-9954-d3775cd2cd61,placental villous trophoblast,['Plasmodium malariae malaria' 'listeriosis' 'normal' 'toxoplasmosis'],36117,13,3,4,4572
64,3966ba97-beb8-4d0b-9954-d3775cd2cd61,extravillous trophoblast,['Plasmodium malariae malaria' 'listeriosis' 'normal' 'toxoplasmosis'],6128,10,3,4,763
65,e40c6272-af77-4a10-9385-62a398884f27,intestinal epithelial cell,"['colon sessile serrated adenoma/polyp' 'hyperplastic polyp' 'normal'
 'tubular adenoma']",1216,27,3,4,122
66,7bb64315-9e5a-41b9-9235-59acf9642a3e,CD4-positive helper T cell,['Barrett esophagus' 'gastric intestinal metaplasia' 'gastritis' 'normal'],1181,33,3,4,51
67,a12ccb9b-4fbe-457d-8590-ac78053259ef,epithelial cell of proximal tubule,['acute kidney failure' 'chronic kidney disease' 'normal'],87599,79,16,3,19475
68,a12ccb9b-4fbe-457d-8590-ac78053259ef,kidney loop of Henle thick ascending limb epithelial cell,['acute kidney failure' 'chronic kidney disease' 'normal'],57175,80,16,3,7382
69,a12ccb9b-4fbe-457d-8590-ac78053259ef,kidney collecting duct principal cell,['acute kidney failure' 'chronic kidney disease' 'normal'],27552,80,16,3,2485
70,a12ccb9b-4fbe-457d-8590-ac78053259ef,endothelial cell,['acute kidney failure' 'chronic kidney disease' 'normal'],23878,80,16,3,3974
71,a12ccb9b-4fbe-457d-8590-ac78053259ef,kidney interstitial fibroblast,['acute kidney failure' 'chronic kidney disease' 'normal'],21769,80,16,3,4851
72,a12ccb9b-4fbe-457d-8590-ac78053259ef,kidney collecting duct intercalated cell,['acute kidney failure' 'chronic kidney disease' 'normal'],17717,80,16,3,2374
73,a12ccb9b-4fbe-457d-8590-ac78053259ef,kidney distal convoluted tubule epithelial cell,['acute kidney failure' 'chronic kidney disease' 'normal'],11953,77,16,3,2619
74,a12ccb9b-4fbe-457d-8590-ac78053259ef,kidney connecting tubule epithelial cell,['acute kidney failure' 'chronic kidney disease' 'normal'],11036,77,16,3,2462
75,a12ccb9b-4fbe-457d-8590-ac78053259ef,renal interstitial pericyte,['acute kidney failure' 'chronic kidney disease' 'normal'],6476,80,16,3,1060
76,a12ccb9b-4fbe-457d-8590-ac78053259ef,podocyte,['acute kidney failure' 'chronic kidney disease' 'normal'],6388,75,16,3,1245
77,a12ccb9b-4fbe-457d-8590-ac78053259ef,T cell,['acute kidney failure' 'chronic kidney disease' 'normal'],3292,74,16,3,966
78,a12ccb9b-4fbe-457d-8590-ac78053259ef,parietal epithelial cell,['acute kidney failure' 'chronic kidney disease' 'normal'],3273,75,16,3,886
79,a12ccb9b-4fbe-457d-8590-ac78053259ef,kidney interstitial alternatively activated macrophage,['acute kidney failure' 'chronic kidney disease' 'normal'],2943,78,16,3,777
80,a12ccb9b-4fbe-457d-8590-ac78053259ef,mononuclear phagocyte,['acute kidney failure' 'chronic kidney disease' 'normal'],1970,76,16,3,600
81,a12ccb9b-4fbe-457d-8590-ac78053259ef,non-classical monocyte,['acute kidney failure' 'chronic kidney disease' 'normal'],705,77,16,3,168
82,a12ccb9b-4fbe-457d-8590-ac78053259ef,mature NK T cell,['acute kidney failure' 'chronic kidney disease' 'normal'],635,68,16,3,184
83,a12ccb9b-4fbe-457d-8590-ac78053259ef,plasma cell,['acute kidney failure' 'chronic kidney disease' 'normal'],1145,64,15,3,87
84,dea717d4-7bc0-4e46-950f-fd7e1cc8df7d,epithelial cell of proximal tubule,['acute kidney failure' 'chronic kidney disease' 'normal'],54025,75,14,3,9965
85,2a498ace-872a-4935-984b-1afa70fd9886,classical monocyte,['COVID-19' 'normal' 'post-COVID-19 disorder'],43066,69,14,3,5769
86,dea717d4-7bc0-4e46-950f-fd7e1cc8df7d,kidney loop of Henle thick ascending limb epithelial cell,['acute kidney failure' 'chronic kidney disease' 'normal'],40206,75,14,3,6741
87,2a498ace-872a-4935-984b-1afa70fd9886,naive B cell,['COVID-19' 'normal' 'post-COVID-19 disorder'],35478,66,14,3,6150
88,dea717d4-7bc0-4e46-950f-fd7e1cc8df7d,kidney collecting duct principal cell,['acute kidney failure' 'chronic kidney disease' 'normal'],31341,76,14,3,3949
89,2a498ace-872a-4935-984b-1afa70fd9886,CD4-positive helper T cell,['COVID-19' 'normal' 'post-COVID-19 disorder'],29439,69,14,3,4111
90,dea717d4-7bc0-4e46-950f-fd7e1cc8df7d,endothelial cell,['acute kidney failure' 'chronic kidney disease' 'normal'],16906,77,14,3,2507
91,dea717d4-7bc0-4e46-950f-fd7e1cc8df7d,kidney collecting duct intercalated cell,['acute kidney failure' 'chronic kidney disease' 'normal'],14045,74,14,3,1318
92,dea717d4-7bc0-4e46-950f-fd7e1cc8df7d,T cell,['acute kidney failure' 'chronic kidney disease' 'normal'],12759,76,14,3,2275
93,2a498ace-872a-4935-984b-1afa70fd9886,"central memory CD8-positive, alpha-beta T cell",['COVID-19' 'normal' 'post-COVID-19 disorder'],10213,69,14,3,1411
94,dea717d4-7bc0-4e46-950f-fd7e1cc8df7d,kidney distal convoluted tubule epithelial cell,['acute kidney failure' 'chronic kidney disease' 'normal'],9105,68,14,3,1248
95,2a498ace-872a-4935-984b-1afa70fd9886,regulatory T cell,['COVID-19' 'normal' 'post-COVID-19 disorder'],7173,68,14,3,1924
96,dea717d4-7bc0-4e46-950f-fd7e1cc8df7d,kidney interstitial cell,['acute kidney failure' 'chronic kidney disease' 'normal'],6006,77,14,3,790
97,dea717d4-7bc0-4e46-950f-fd7e1cc8df7d,kidney loop of Henle thin ascending limb epithelial cell,['acute kidney failure' 'chronic kidney disease' 'normal'],5174,68,14,3,328
98,dea717d4-7bc0-4e46-950f-fd7e1cc8df7d,conventional dendritic cell,['acute kidney failure' 'chronic kidney disease' 'normal'],3798,77,14,3,298
99,dea717d4-7bc0-4e46-950f-fd7e1cc8df7d,monocyte,['acute kidney failure' 'chronic kidney disease' 'normal'],3592,76,14,3,459
100,2a498ace-872a-4935-984b-1afa70fd9886,unknown,['COVID-19' 'normal' 'post-COVID-19 disorder'],2851,69,14,3,635
101,dea717d4-7bc0-4e46-950f-fd7e1cc8df7d,mononuclear phagocyte,['acute kidney failure' 'chronic kidney disease' 'normal'],2464,74,14,3,690
102,dea717d4-7bc0-4e46-950f-fd7e1cc8df7d,kidney interstitial alternatively activated macrophage,['acute kidney failure' 'chronic kidney disease' 'normal'],2211,75,14,3,465
103,1e6a6ef9-7ec9-4c90-bbfb-2ad3c3165fd1,"CD4-positive, alpha-beta T cell","['lung adenocarcinoma' 'non-small cell lung carcinoma'
 'squamous cell lung carcinoma']",170471,203,13,3,16063
104,1e6a6ef9-7ec9-4c90-bbfb-2ad3c3165fd1,"CD8-positive, alpha-beta T cell","['lung adenocarcinoma' 'non-small cell lung carcinoma'
 'squamous cell lung carcinoma']",121644,193,13,3,12525
105,1e6a6ef9-7ec9-4c90-bbfb-2ad3c3165fd1,macrophage,"['lung adenocarcinoma' 'non-small cell lung carcinoma'
 'squamous cell lung carcinoma']",79854,195,13,3,8564
106,2a498ace-872a-4935-984b-1afa70fd9886,"naive thymus-derived CD4-positive, alpha-beta T cell",['COVID-19' 'normal' 'post-COVID-19 disorder'],73695,68,13,3,14442
107,1e6a6ef9-7ec9-4c90-bbfb-2ad3c3165fd1,natural killer cell,"['lung adenocarcinoma' 'non-small cell lung carcinoma'
 'squamous cell lung carcinoma']",51819,180,13,3,2695
108,1e6a6ef9-7ec9-4c90-bbfb-2ad3c3165fd1,classical monocyte,"['lung adenocarcinoma' 'non-small cell lung carcinoma'
 'squamous cell lung carcinoma']",44885,188,13,3,2656
109,2a498ace-872a-4935-984b-1afa70fd9886,natural killer cell,['COVID-19' 'normal' 'post-COVID-19 disorder'],39315,68,13,3,3582
110,1e6a6ef9-7ec9-4c90-bbfb-2ad3c3165fd1,plasma cell,"['lung adenocarcinoma' 'non-small cell lung carcinoma'
 'squamous cell lung carcinoma']",32393,183,13,3,5047
111,2a498ace-872a-4935-984b-1afa70fd9886,"naive thymus-derived CD8-positive, alpha-beta T cell",['COVID-19' 'normal' 'post-COVID-19 disorder'],31023,68,13,3,3802
112,2a498ace-872a-4935-984b-1afa70fd9886,"CD16-negative, CD56-bright natural killer cell, human",['COVID-19' 'normal' 'post-COVID-19 disorder'],3993,68,13,3,488
113,dea717d4-7bc0-4e46-950f-fd7e1cc8df7d,B cell,['acute kidney failure' 'chronic kidney disease' 'normal'],3261,67,13,3,392
114,dea717d4-7bc0-4e46-950f-fd7e1cc8df7d,mature NK T cell,['acute kidney failure' 'chronic kidney disease' 'normal'],3171,67,13,3,198
115,dea717d4-7bc0-4e46-950f-fd7e1cc8df7d,cytotoxic T cell,['acute kidney failure' 'chronic kidney disease' 'normal'],2185,69,13,3,457
116,2a498ace-872a-4935-984b-1afa70fd9886,hematopoietic precursor cell,['COVID-19' 'normal' 'post-COVID-19 disorder'],864,62,13,3,195
117,dea717d4-7bc0-4e46-950f-fd7e1cc8df7d,non-classical monocyte,['acute kidney failure' 'chronic kidney disease' 'normal'],527,53,13,3,61
118,1e6a6ef9-7ec9-4c90-bbfb-2ad3c3165fd1,malignant cell,"['lung adenocarcinoma' 'non-small cell lung carcinoma'
 'squamous cell lung carcinoma']",81590,178,12,3,10773
119,1e6a6ef9-7ec9-4c90-bbfb-2ad3c3165fd1,alveolar macrophage,"['lung adenocarcinoma' 'non-small cell lung carcinoma'
 'squamous cell lung carcinoma']",79188,172,12,3,7689
120,1e6a6ef9-7ec9-4c90-bbfb-2ad3c3165fd1,B cell,"['lung adenocarcinoma' 'non-small cell lung carcinoma'
 'squamous cell lung carcinoma']",58620,165,12,3,7515
121,1e6a6ef9-7ec9-4c90-bbfb-2ad3c3165fd1,regulatory T cell,"['lung adenocarcinoma' 'non-small cell lung carcinoma'
 'squamous cell lung carcinoma']",33789,178,12,3,5794
122,2a498ace-872a-4935-984b-1afa70fd9886,"CD8-positive, alpha-beta cytotoxic T cell",['COVID-19' 'normal' 'post-COVID-19 disorder'],24708,67,12,3,1400
123,2a498ace-872a-4935-984b-1afa70fd9886,non-classical monocyte,['COVID-19' 'normal' 'post-COVID-19 disorder'],8606,66,12,3,418
124,1e6a6ef9-7ec9-4c90-bbfb-2ad3c3165fd1,plasmacytoid dendritic cell,"['lung adenocarcinoma' 'non-small cell lung carcinoma'
 'squamous cell lung carcinoma']",4362,147,12,3,147
125,2a498ace-872a-4935-984b-1afa70fd9886,class switched memory B cell,['COVID-19' 'normal' 'post-COVID-19 disorder'],3353,64,12,3,490
126,2a498ace-872a-4935-984b-1afa70fd9886,conventional dendritic cell,['COVID-19' 'normal' 'post-COVID-19 disorder'],2657,66,12,3,242
127,01ad3cd7-3929-4654-84c0-6db05bd5fd59,classical monocyte,['COVID-19' 'normal' 'respiratory system disorder'],159044,80,11,3,16471
128,01ad3cd7-3929-4654-84c0-6db05bd5fd59,"CD4-positive, alpha-beta T cell",['COVID-19' 'normal' 'respiratory system disorder'],155448,80,11,3,18815
129,01ad3cd7-3929-4654-84c0-6db05bd5fd59,"CD8-positive, alpha-beta T cell",['COVID-19' 'normal' 'respiratory system disorder'],107583,79,11,3,12163
130,01ad3cd7-3929-4654-84c0-6db05bd5fd59,B cell,['COVID-19' 'normal' 'respiratory system disorder'],62548,80,11,3,7263
131,01ad3cd7-3929-4654-84c0-6db05bd5fd59,natural killer cell,['COVID-19' 'normal' 'respiratory system disorder'],62210,79,11,3,5391
132,01ad3cd7-3929-4654-84c0-6db05bd5fd59,non-classical monocyte,['COVID-19' 'normal' 'respiratory system disorder'],23298,79,11,3,2917
133,1e6a6ef9-7ec9-4c90-bbfb-2ad3c3165fd1,CD1c-positive myeloid dendritic cell,"['lung adenocarcinoma' 'non-small cell lung carcinoma'
 'squamous cell lung carcinoma']",21116,185,11,3,2191
134,1e6a6ef9-7ec9-4c90-bbfb-2ad3c3165fd1,mast cell,"['lung adenocarcinoma' 'non-small cell lung carcinoma'
 'squamous cell lung carcinoma']",13848,169,11,3,1503
135,01ad3cd7-3929-4654-84c0-6db05bd5fd59,gamma-delta T cell,['COVID-19' 'normal' 'respiratory system disorder'],12068,77,11,3,1693
136,01ad3cd7-3929-4654-84c0-6db05bd5fd59,conventional dendritic cell,['COVID-19' 'normal' 'respiratory system disorder'],7895,79,11,3,920
137,1e6a6ef9-7ec9-4c90-bbfb-2ad3c3165fd1,fibroblast of lung,"['lung adenocarcinoma' 'non-small cell lung carcinoma'
 'squamous cell lung carcinoma']",4893,137,11,3,272
138,1e6a6ef9-7ec9-4c90-bbfb-2ad3c3165fd1,bronchus fibroblast of lung,"['lung adenocarcinoma' 'non-small cell lung carcinoma'
 'squamous cell lung carcinoma']",4604,131,11,3,291
139,2a498ace-872a-4935-984b-1afa70fd9886,gamma-delta T cell,['COVID-19' 'normal' 'post-COVID-19 disorder'],4522,63,11,3,278
140,01ad3cd7-3929-4654-84c0-6db05bd5fd59,plasmacytoid dendritic cell,['COVID-19' 'normal' 'respiratory system disorder'],2224,75,11,3,129
141,1e6a6ef9-7ec9-4c90-bbfb-2ad3c3165fd1,dendritic cell,"['lung adenocarcinoma' 'non-small cell lung carcinoma'
 'squamous cell lung carcinoma']",1727,156,11,3,90
142,2a498ace-872a-4935-984b-1afa70fd9886,"effector memory CD8-positive, alpha-beta T cell",['COVID-19' 'normal' 'post-COVID-19 disorder'],1565,66,11,3,119
143,2a498ace-872a-4935-984b-1afa70fd9886,platelet,['COVID-19' 'normal' 'post-COVID-19 disorder'],1278,55,11,3,255
144,ebc2e1ff-c8f9-466a-acf4-9d291afaf8b3,"CD4-positive, alpha-beta T cell",['COVID-19' 'influenza' 'normal'],269661,122,10,3,5097
145,ebc2e1ff-c8f9-466a-acf4-9d291afaf8b3,classical monocyte,['COVID-19' 'influenza' 'normal'],213697,122,10,3,5663
146,ebc2e1ff-c8f9-466a-acf4-9d291afaf8b3,"CD8-positive, alpha-beta T cell",['COVID-19' 'influenza' 'normal'],106025,122,10,3,2322
147,ebc2e1ff-c8f9-466a-acf4-9d291afaf8b3,natural killer cell,['COVID-19' 'influenza' 'normal'],70299,122,10,3,2034
148,ebc2e1ff-c8f9-466a-acf4-9d291afaf8b3,blood cell,['COVID-19' 'influenza' 'normal'],52444,124,10,3,882
149,ebc2e1ff-c8f9-466a-acf4-9d291afaf8b3,B cell,['COVID-19' 'influenza' 'normal'],44256,121,10,3,606
150,ebc2e1ff-c8f9-466a-acf4-9d291afaf8b3,non-classical monocyte,['COVID-19' 'influenza' 'normal'],33172,122,10,3,1306
151,1e6a6ef9-7ec9-4c90-bbfb-2ad3c3165fd1,epithelial cell of lung,"['lung adenocarcinoma' 'non-small cell lung carcinoma'
 'squamous cell lung carcinoma']",22909,154,10,3,992
152,a12ccb9b-4fbe-457d-8590-ac78053259ef,kidney loop of Henle thin descending limb epithelial cell,['acute kidney failure' 'chronic kidney disease' 'normal'],13830,62,10,3,1822
153,ebc2e1ff-c8f9-466a-acf4-9d291afaf8b3,gamma-delta T cell,['COVID-19' 'influenza' 'normal'],9580,122,10,3,190
154,ebc2e1ff-c8f9-466a-acf4-9d291afaf8b3,dendritic cell,['COVID-19' 'influenza' 'normal'],8959,121,10,3,201
155,ebc2e1ff-c8f9-466a-acf4-9d291afaf8b3,plasmablast,['COVID-19' 'influenza' 'normal'],8596,123,10,3,197
156,ebc2e1ff-c8f9-466a-acf4-9d291afaf8b3,"double-positive, alpha-beta thymocyte",['COVID-19' 'influenza' 'normal'],6561,120,10,3,64
157,1e6a6ef9-7ec9-4c90-bbfb-2ad3c3165fd1,myeloid cell,"['lung adenocarcinoma' 'non-small cell lung carcinoma'
 'squamous cell lung carcinoma']",5944,166,10,3,390
158,2a498ace-872a-4935-984b-1afa70fd9886,"effector memory CD8-positive, alpha-beta T cell, terminally differentiated",['COVID-19' 'normal' 'post-COVID-19 disorder'],4593,60,10,3,351
159,ebc2e1ff-c8f9-466a-acf4-9d291afaf8b3,double negative T regulatory cell,['COVID-19' 'influenza' 'normal'],4557,120,10,3,76
160,2a498ace-872a-4935-984b-1afa70fd9886,mucosal invariant T cell,['COVID-19' 'normal' 'post-COVID-19 disorder'],3127,65,10,3,208
161,9f222629-9e39-47d0-b83f-e08d610c7479,bronchial goblet cell,['COVID-19' 'cystic fibrosis' 'normal'],2146,88,10,3,131
162,1e6a6ef9-7ec9-4c90-bbfb-2ad3c3165fd1,conventional dendritic cell,"['lung adenocarcinoma' 'non-small cell lung carcinoma'
 'squamous cell lung carcinoma']",2132,135,10,3,126
163,dea717d4-7bc0-4e46-950f-fd7e1cc8df7d,natural killer cell,['acute kidney failure' 'chronic kidney disease' 'normal'],1665,60,10,3,381
164,2a498ace-872a-4935-984b-1afa70fd9886,plasmacytoid dendritic cell,['COVID-19' 'normal' 'post-COVID-19 disorder'],1204,61,10,3,89
165,a12ccb9b-4fbe-457d-8590-ac78053259ef,B cell,['acute kidney failure' 'chronic kidney disease' 'normal'],982,50,10,3,292
166,2a498ace-872a-4935-984b-1afa70fd9886,plasma cell,['COVID-19' 'normal' 'post-COVID-19 disorder'],840,62,10,3,228
167,1e6a6ef9-7ec9-4c90-bbfb-2ad3c3165fd1,pulmonary alveolar type 2 cell,"['lung adenocarcinoma' 'non-small cell lung carcinoma'
 'squamous cell lung carcinoma']",15871,119,9,3,1134
168,1e6a6ef9-7ec9-4c90-bbfb-2ad3c3165fd1,vein endothelial cell,"['lung adenocarcinoma' 'non-small cell lung carcinoma'
 'squamous cell lung carcinoma']",15716,153,9,3,531
169,01ad3cd7-3929-4654-84c0-6db05bd5fd59,plasmablast,['COVID-19' 'normal' 'respiratory system disorder'],6600,74,9,3,117
170,dea717d4-7bc0-4e46-950f-fd7e1cc8df7d,kidney connecting tubule epithelial cell,['acute kidney failure' 'chronic kidney disease' 'normal'],4780,47,9,3,1165
171,01ad3cd7-3929-4654-84c0-6db05bd5fd59,progenitor cell,['COVID-19' 'normal' 'respiratory system disorder'],2011,74,9,3,120
172,2a498ace-872a-4935-984b-1afa70fd9886,B cell,['COVID-19' 'normal' 'post-COVID-19 disorder'],1434,59,9,3,161
173,dea717d4-7bc0-4e46-950f-fd7e1cc8df7d,parietal epithelial cell,['acute kidney failure' 'chronic kidney disease' 'normal'],775,39,9,3,178
174,1e6a6ef9-7ec9-4c90-bbfb-2ad3c3165fd1,neutrophil,"['lung adenocarcinoma' 'non-small cell lung carcinoma'
 'squamous cell lung carcinoma']",19194,82,8,3,808
175,9f222629-9e39-47d0-b83f-e08d610c7479,tracheobronchial serous cell,['chronic rhinitis' 'cystic fibrosis' 'normal'],2333,54,8,3,108
176,1e6a6ef9-7ec9-4c90-bbfb-2ad3c3165fd1,pericyte,"['lung adenocarcinoma' 'non-small cell lung carcinoma'
 'squamous cell lung carcinoma']",2059,123,8,3,85
177,7bb64315-9e5a-41b9-9235-59acf9642a3e,enterocyte,['Barrett esophagus' 'gastric intestinal metaplasia' 'normal'],12186,26,7,3,2679
178,1e6a6ef9-7ec9-4c90-bbfb-2ad3c3165fd1,capillary endothelial cell,"['lung adenocarcinoma' 'non-small cell lung carcinoma'
 'squamous cell lung carcinoma']",10282,105,7,3,157
179,1e6a6ef9-7ec9-4c90-bbfb-2ad3c3165fd1,multi-ciliated epithelial cell,"['lung adenocarcinoma' 'non-small cell lung carcinoma'
 'squamous cell lung carcinoma']",6148,120,7,3,140
180,dea717d4-7bc0-4e46-950f-fd7e1cc8df7d,kidney loop of Henle thin descending limb epithelial cell,['acute kidney failure' 'chronic kidney disease' 'normal'],5144,36,7,3,253
181,ebc2e1ff-c8f9-466a-acf4-9d291afaf8b3,hematopoietic stem cell,['COVID-19' 'influenza' 'normal'],1868,116,7,3,90
182,7bb64315-9e5a-41b9-9235-59acf9642a3e,intestine goblet cell,['Barrett esophagus' 'gastric intestinal metaplasia' 'normal'],1359,17,7,3,224
183,7bb64315-9e5a-41b9-9235-59acf9642a3e,monocyte,['Barrett esophagus' 'gastric intestinal metaplasia' 'normal'],528,31,7,3,90
184,e40c6272-af77-4a10-9385-62a398884f27,intestinal crypt stem cell of colon,['hyperplastic polyp' 'normal' 'tubular adenoma'],2348,25,6,3,139
185,9f222629-9e39-47d0-b83f-e08d610c7479,mucus secreting cell,['chronic rhinitis' 'cystic fibrosis' 'normal'],1006,46,6,3,114
186,65badd7a-9262-4fd1-9ce2-eb5dc0ca8039,mast cell,"['arrhythmogenic right ventricular cardiomyopathy'
 'dilated cardiomyopathy' 'normal']",964,61,6,3,143
187,7bb64315-9e5a-41b9-9235-59acf9642a3e,memory B cell,['Barrett esophagus' 'gastric intestinal metaplasia' 'normal'],860,28,6,3,88
188,7bb64315-9e5a-41b9-9235-59acf9642a3e,natural killer cell,['Barrett esophagus' 'gastric intestinal metaplasia' 'normal'],565,31,6,3,97
189,7bb64315-9e5a-41b9-9235-59acf9642a3e,erythrocyte,['Barrett esophagus' 'gastric intestinal metaplasia' 'normal'],540,25,6,3,79
190,c7775e88-49bf-4ba2-a03b-93f00447c958,"CD16-positive, CD56-dim natural killer cell, human",['COVID-19' 'normal' 'respiratory system disorder'],92848,120,5,3,3898
191,98f5d518-1e60-4307-b732-ab045cd3cbc2,neuron,"['amyotrophic lateral sclerosis'
 'amyotrophic lateral sclerosis 26 with or without frontotemporal dementia'
 'normal']",89343,21,5,3,14960
192,0bc7235a-ae5a-479d-a487-510435377e55,neuron,"['amyotrophic lateral sclerosis'
 'amyotrophic lateral sclerosis 26 with or without frontotemporal dementia'
 'normal']",67959,21,5,3,8285
193,c7775e88-49bf-4ba2-a03b-93f00447c958,"naive thymus-derived CD4-positive, alpha-beta T cell",['COVID-19' 'normal' 'respiratory system disorder'],63096,114,5,3,2417
194,c7775e88-49bf-4ba2-a03b-93f00447c958,"effector CD8-positive, alpha-beta T cell",['COVID-19' 'normal' 'respiratory system disorder'],53534,114,5,3,2462
195,c7775e88-49bf-4ba2-a03b-93f00447c958,"central memory CD4-positive, alpha-beta T cell",['COVID-19' 'normal' 'respiratory system disorder'],49904,114,5,3,244
196,c7775e88-49bf-4ba2-a03b-93f00447c958,naive B cell,['COVID-19' 'normal' 'respiratory system disorder'],44136,117,5,3,672
197,98f5d518-1e60-4307-b732-ab045cd3cbc2,oligodendrocyte,"['amyotrophic lateral sclerosis'
 'amyotrophic lateral sclerosis 26 with or without frontotemporal dementia'
 'normal']",44062,21,5,3,7702
198,0bc7235a-ae5a-479d-a487-510435377e55,oligodendrocyte,"['amyotrophic lateral sclerosis'
 'amyotrophic lateral sclerosis 26 with or without frontotemporal dementia'
 'normal']",31415,21,5,3,6939
199,c7775e88-49bf-4ba2-a03b-93f00447c958,"naive thymus-derived CD8-positive, alpha-beta T cell",['COVID-19' 'normal' 'respiratory system disorder'],31175,114,5,3,678
200,c7775e88-49bf-4ba2-a03b-93f00447c958,mature NK T cell,['COVID-19' 'normal' 'respiratory system disorder'],21673,114,5,3,129
201,c7775e88-49bf-4ba2-a03b-93f00447c958,"effector memory CD8-positive, alpha-beta T cell",['COVID-19' 'normal' 'respiratory system disorder'],18917,114,5,3,1284
202,c7775e88-49bf-4ba2-a03b-93f00447c958,T-helper 22 cell,['COVID-19' 'normal' 'respiratory system disorder'],18379,113,5,3,882
203,c7775e88-49bf-4ba2-a03b-93f00447c958,gamma-delta T cell,['COVID-19' 'normal' 'respiratory system disorder'],15942,114,5,3,261
204,c7775e88-49bf-4ba2-a03b-93f00447c958,platelet,['COVID-19' 'normal' 'respiratory system disorder'],15847,120,5,3,734
205,98f5d518-1e60-4307-b732-ab045cd3cbc2,astrocyte,"['amyotrophic lateral sclerosis'
 'amyotrophic lateral sclerosis 26 with or without frontotemporal dementia'
 'normal']",14802,21,5,3,2858
206,0bc7235a-ae5a-479d-a487-510435377e55,astrocyte,"['amyotrophic lateral sclerosis'
 'amyotrophic lateral sclerosis 26 with or without frontotemporal dementia'
 'normal']",12914,21,5,3,2394
207,c7775e88-49bf-4ba2-a03b-93f00447c958,mucosal invariant T cell,['COVID-19' 'normal' 'respiratory system disorder'],10992,114,5,3,393
208,c7775e88-49bf-4ba2-a03b-93f00447c958,"CD16-negative, CD56-bright natural killer cell, human",['COVID-19' 'normal' 'respiratory system disorder'],10442,119,5,3,307
209,c7775e88-49bf-4ba2-a03b-93f00447c958,class switched memory B cell,['COVID-19' 'normal' 'respiratory system disorder'],7244,117,5,3,129
210,98f5d518-1e60-4307-b732-ab045cd3cbc2,oligodendrocyte precursor cell,"['amyotrophic lateral sclerosis'
 'amyotrophic lateral sclerosis 26 with or without frontotemporal dementia'
 'normal']",6089,21,5,3,1233
211,c7775e88-49bf-4ba2-a03b-93f00447c958,natural killer cell,['COVID-19' 'normal' 'respiratory system disorder'],4963,117,5,3,59
212,98f5d518-1e60-4307-b732-ab045cd3cbc2,microglial cell,"['amyotrophic lateral sclerosis'
 'amyotrophic lateral sclerosis 26 with or without frontotemporal dementia'
 'normal']",4748,21,5,3,696
213,0bc7235a-ae5a-479d-a487-510435377e55,oligodendrocyte precursor cell,"['amyotrophic lateral sclerosis'
 'amyotrophic lateral sclerosis 26 with or without frontotemporal dementia'
 'normal']",4362,21,5,3,889
214,1e6a6ef9-7ec9-4c90-bbfb-2ad3c3165fd1,pulmonary alveolar type 1 cell,"['lung adenocarcinoma' 'non-small cell lung carcinoma'
 'squamous cell lung carcinoma']",3160,89,5,3,158
215,c7775e88-49bf-4ba2-a03b-93f00447c958,B cell,['COVID-19' 'normal' 'respiratory system disorder'],3024,115,5,3,226
216,0bc7235a-ae5a-479d-a487-510435377e55,microglial cell,"['amyotrophic lateral sclerosis'
 'amyotrophic lateral sclerosis 26 with or without frontotemporal dementia'
 'normal']",2912,21,5,3,593
217,13b61a7d-5605-4948-ba48-02c588960143,basal cell,['COVID-19' 'normal' 'respiratory failure'],1949,50,5,3,224
218,98f5d518-1e60-4307-b732-ab045cd3cbc2,endothelial cell,"['amyotrophic lateral sclerosis'
 'amyotrophic lateral sclerosis 26 with or without frontotemporal dementia'
 'normal']",1614,21,5,3,189
219,0bc7235a-ae5a-479d-a487-510435377e55,endothelial cell,"['amyotrophic lateral sclerosis'
 'amyotrophic lateral sclerosis 26 with or without frontotemporal dementia'
 'normal']",1245,21,5,3,170
220,6a270451-b4d9-43e0-aa89-e33aac1ac74b,fibroblast,['colorectal cancer' 'normal' 'tubular adenoma'],659,36,5,3,77
221,d6dfdef1-406d-4efb-808c-3c5eddbfe0cb,intestinal enteroendocrine cell,['colon sessile serrated adenoma/polyp' 'normal' 'tubular adenoma'],505,23,5,3,53
222,6a270451-b4d9-43e0-aa89-e33aac1ac74b,mast cell,['colon sessile serrated adenoma/polyp' 'normal' 'tubular adenoma'],455,36,5,3,94
223,576f193c-75d0-4a11-bd25-8676587e6dc2,epithelial cell,['lung adenocarcinoma' 'normal' 'small cell lung carcinoma'],64302,42,4,3,851
224,576f193c-75d0-4a11-bd25-8676587e6dc2,T cell,['lung adenocarcinoma' 'normal' 'small cell lung carcinoma'],51848,42,4,3,6630
225,de2c780c-1747-40bd-9ccf-9588ec186cee,classical monocyte,['COVID-19' 'influenza' 'normal'],18465,17,4,3,4292
226,9fcb0b73-c734-40a5-be9c-ace7eea401c9,endothelial cell of venule,['gingivitis' 'normal' 'periodontitis'],15819,34,4,3,263
227,9fcb0b73-c734-40a5-be9c-ace7eea401c9,plasma cell,['gingivitis' 'normal' 'periodontitis'],12335,34,4,3,601
228,9fcb0b73-c734-40a5-be9c-ace7eea401c9,keratinocyte,['gingivitis' 'normal' 'periodontitis'],9699,33,4,3,1177
229,de2c780c-1747-40bd-9ccf-9588ec186cee,natural killer cell,['COVID-19' 'influenza' 'normal'],9369,17,4,3,1449
230,576f193c-75d0-4a11-bd25-8676587e6dc2,macrophage,['lung adenocarcinoma' 'normal' 'small cell lung carcinoma'],9251,42,4,3,1051
231,9fcb0b73-c734-40a5-be9c-ace7eea401c9,helper T cell,['gingivitis' 'normal' 'periodontitis'],7997,34,4,3,701
232,de2c780c-1747-40bd-9ccf-9588ec186cee,"CD8-positive, alpha-beta T cell",['COVID-19' 'influenza' 'normal'],6651,17,4,3,1452
233,9fcb0b73-c734-40a5-be9c-ace7eea401c9,T cell,['gingivitis' 'normal' 'periodontitis'],6291,34,4,3,702
234,576f193c-75d0-4a11-bd25-8676587e6dc2,B cell,['lung adenocarcinoma' 'normal' 'small cell lung carcinoma'],5761,40,4,3,127
235,576f193c-75d0-4a11-bd25-8676587e6dc2,dendritic cell,['lung adenocarcinoma' 'normal' 'small cell lung carcinoma'],4908,42,4,3,1032
236,de2c780c-1747-40bd-9ccf-9588ec186cee,IgG-negative class switched memory B cell,['COVID-19' 'influenza' 'normal'],4345,17,4,3,322
237,9fcb0b73-c734-40a5-be9c-ace7eea401c9,mast cell,['gingivitis' 'normal' 'periodontitis'],3825,32,4,3,198
238,de2c780c-1747-40bd-9ccf-9588ec186cee,platelet,['COVID-19' 'influenza' 'normal'],3716,17,4,3,182
239,de2c780c-1747-40bd-9ccf-9588ec186cee,"effector CD4-positive, alpha-beta T cell",['COVID-19' 'influenza' 'normal'],3517,17,4,3,383
240,c7775e88-49bf-4ba2-a03b-93f00447c958,unswitched memory B cell,['COVID-19' 'normal' 'respiratory system disorder'],3285,116,4,3,118
241,9fcb0b73-c734-40a5-be9c-ace7eea401c9,B cell,['gingivitis' 'normal' 'periodontitis'],3248,33,4,3,215
242,de2c780c-1747-40bd-9ccf-9588ec186cee,"effector CD8-positive, alpha-beta T cell",['COVID-19' 'influenza' 'normal'],3242,17,4,3,300
243,2a498ace-872a-4935-984b-1afa70fd9886,"CD4-positive, alpha-beta cytotoxic T cell",['COVID-19' 'normal' 'post-COVID-19 disorder'],3226,52,4,3,186
244,de2c780c-1747-40bd-9ccf-9588ec186cee,CD4-positive helper T cell,['COVID-19' 'influenza' 'normal'],2380,16,4,3,66
245,9fcb0b73-c734-40a5-be9c-ace7eea401c9,conventional dendritic cell,['gingivitis' 'normal' 'periodontitis'],2188,34,4,3,115
246,9fcb0b73-c734-40a5-be9c-ace7eea401c9,macrophage,['gingivitis' 'normal' 'periodontitis'],2129,34,4,3,80
247,de2c780c-1747-40bd-9ccf-9588ec186cee,IgG memory B cell,['COVID-19' 'influenza' 'normal'],2048,17,4,3,133
248,de2c780c-1747-40bd-9ccf-9588ec186cee,non-classical monocyte,['COVID-19' 'influenza' 'normal'],1919,17,4,3,211
249,9fcb0b73-c734-40a5-be9c-ace7eea401c9,neutrophil,['gingivitis' 'normal' 'periodontitis'],1836,34,4,3,51
250,9fcb0b73-c734-40a5-be9c-ace7eea401c9,endothelial cell of lymphatic vessel,['gingivitis' 'normal' 'periodontitis'],1831,33,4,3,147
251,65badd7a-9262-4fd1-9ce2-eb5dc0ca8039,adipocyte,"['arrhythmogenic right ventricular cardiomyopathy'
 'dilated cardiomyopathy' 'normal']",1666,53,4,3,150
252,9fcb0b73-c734-40a5-be9c-ace7eea401c9,mucosal invariant T cell,['gingivitis' 'normal' 'periodontitis'],1617,34,4,3,255
253,de2c780c-1747-40bd-9ccf-9588ec186cee,blood cell,['COVID-19' 'influenza' 'normal'],1373,17,4,3,216
254,576f193c-75d0-4a11-bd25-8676587e6dc2,mast cell,['lung adenocarcinoma' 'normal' 'small cell lung carcinoma'],1267,32,4,3,105
255,9fcb0b73-c734-40a5-be9c-ace7eea401c9,gamma-delta T cell,['gingivitis' 'normal' 'periodontitis'],1249,34,4,3,274
256,9fcb0b73-c734-40a5-be9c-ace7eea401c9,natural killer cell,['gingivitis' 'normal' 'periodontitis'],1235,34,4,3,252
257,de2c780c-1747-40bd-9ccf-9588ec186cee,erythrocyte,['COVID-19' 'influenza' 'normal'],1193,17,4,3,184
258,6a270451-b4d9-43e0-aa89-e33aac1ac74b,B cell,['colon sessile serrated adenoma/polyp' 'colorectal cancer' 'normal'],1175,30,4,3,73
259,9fcb0b73-c734-40a5-be9c-ace7eea401c9,mature NK T cell,['gingivitis' 'normal' 'periodontitis'],1043,33,4,3,121
260,9fcb0b73-c734-40a5-be9c-ace7eea401c9,regulatory T cell,['gingivitis' 'normal' 'periodontitis'],1018,30,4,3,126
261,7bb64315-9e5a-41b9-9235-59acf9642a3e,IgG plasma cell,['gastric intestinal metaplasia' 'gastritis' 'normal'],710,32,4,3,91
262,de2c780c-1747-40bd-9ccf-9588ec186cee,intermediate monocyte,['COVID-19' 'influenza' 'normal'],704,16,4,3,161
263,9fcb0b73-c734-40a5-be9c-ace7eea401c9,T-helper 17 cell,['gingivitis' 'normal' 'periodontitis'],625,30,4,3,51
264,c7775e88-49bf-4ba2-a03b-93f00447c958,immature B cell,['COVID-19' 'normal' 'respiratory system disorder'],5238,115,3,3,63
265,576f193c-75d0-4a11-bd25-8676587e6dc2,endothelial cell,['lung adenocarcinoma' 'normal' 'small cell lung carcinoma'],3078,39,3,3,90
266,218acb0f-9f2f-4f76-b90b-15a4b7c7f629,"CD4-positive, alpha-beta T cell",['normal' 'systemic lupus erythematosus'],380477,261,99,2,185152
267,218acb0f-9f2f-4f76-b90b-15a4b7c7f629,classical monocyte,['normal' 'systemic lupus erythematosus'],307429,261,99,2,86207
268,218acb0f-9f2f-4f76-b90b-15a4b7c7f629,"CD8-positive, alpha-beta T cell",['normal' 'systemic lupus erythematosus'],248927,261,99,2,88781
269,218acb0f-9f2f-4f76-b90b-15a4b7c7f629,B cell,['normal' 'systemic lupus erythematosus'],151570,259,99,2,59735
270,218acb0f-9f2f-4f76-b90b-15a4b7c7f629,natural killer cell,['normal' 'systemic lupus erythematosus'],92554,261,99,2,38304
271,218acb0f-9f2f-4f76-b90b-15a4b7c7f629,non-classical monocyte,['normal' 'systemic lupus erythematosus'],48800,261,99,2,15091
272,218acb0f-9f2f-4f76-b90b-15a4b7c7f629,conventional dendritic cell,['normal' 'systemic lupus erythematosus'],18203,259,99,2,7496
273,218acb0f-9f2f-4f76-b90b-15a4b7c7f629,lymphocyte,['normal' 'systemic lupus erythematosus'],8265,260,98,2,1858
274,218acb0f-9f2f-4f76-b90b-15a4b7c7f629,plasmacytoid dendritic cell,['normal' 'systemic lupus erythematosus'],5233,259,98,2,2268
275,218acb0f-9f2f-4f76-b90b-15a4b7c7f629,progenitor cell,['normal' 'systemic lupus erythematosus'],807,218,89,2,339
276,218acb0f-9f2f-4f76-b90b-15a4b7c7f629,plasmablast,['normal' 'systemic lupus erythematosus'],1411,217,84,2,490
277,c2876b1b-06d8-4d96-a56b-5304f815b99a,L2/3-6 intratelencephalic projecting glutamatergic neuron,['dementia' 'normal'],570917,88,42,2,235790
278,c2876b1b-06d8-4d96-a56b-5304f815b99a,oligodendrocyte,['dementia' 'normal'],95182,88,42,2,38717
279,c2876b1b-06d8-4d96-a56b-5304f815b99a,VIP GABAergic cortical interneuron,['dementia' 'normal'],89230,88,42,2,38585
280,c2876b1b-06d8-4d96-a56b-5304f815b99a,pvalb GABAergic cortical interneuron,['dementia' 'normal'],77258,88,42,2,31038
281,c2876b1b-06d8-4d96-a56b-5304f815b99a,astrocyte of the cerebral cortex,['dementia' 'normal'],60310,87,42,2,29894
282,c2876b1b-06d8-4d96-a56b-5304f815b99a,lamp5 GABAergic cortical interneuron,['dementia' 'normal'],55011,88,42,2,25524
283,c2876b1b-06d8-4d96-a56b-5304f815b99a,sst GABAergic cortical interneuron,['dementia' 'normal'],48497,88,42,2,15927
284,c2876b1b-06d8-4d96-a56b-5304f815b99a,microglial cell,['dementia' 'normal'],35116,88,42,2,17385
285,c2876b1b-06d8-4d96-a56b-5304f815b99a,oligodendrocyte precursor cell,['dementia' 'normal'],27815,88,42,2,11799
286,c2876b1b-06d8-4d96-a56b-5304f815b99a,sncg GABAergic cortical interneuron,['dementia' 'normal'],19079,86,42,2,8039
287,c2876b1b-06d8-4d96-a56b-5304f815b99a,caudal ganglionic eminence derived interneuron,['dementia' 'normal'],8016,88,42,2,3800
288,c2876b1b-06d8-4d96-a56b-5304f815b99a,vascular leptomeningeal cell,['dementia' 'normal'],3870,86,42,2,1692
289,c2876b1b-06d8-4d96-a56b-5304f815b99a,cerebral cortex endothelial cell,['dementia' 'normal'],1936,88,42,2,938
290,c2876b1b-06d8-4d96-a56b-5304f815b99a,near-projecting glutamatergic cortical neuron,['dementia' 'normal'],17462,87,41,2,6551
291,c2876b1b-06d8-4d96-a56b-5304f815b99a,corticothalamic-projecting glutamatergic cortical neuron,['dementia' 'normal'],14995,87,41,2,6264
292,c2876b1b-06d8-4d96-a56b-5304f815b99a,L6b glutamatergic cortical neuron,['dementia' 'normal'],13338,87,41,2,5693
293,c2876b1b-06d8-4d96-a56b-5304f815b99a,chandelier pvalb GABAergic cortical interneuron,['dementia' 'normal'],9490,86,40,2,4157
294,c2876b1b-06d8-4d96-a56b-5304f815b99a,L5 extratelencephalic projecting glutamatergic cortical neuron,['dementia' 'normal'],2229,86,40,2,906
295,6f7fd0f1-a2ed-4ff1-80d3-33dde731cbc3,L2/3-6 intratelencephalic projecting glutamatergic neuron,['dementia' 'normal'],547665,83,39,2,230173
296,6f7fd0f1-a2ed-4ff1-80d3-33dde731cbc3,oligodendrocyte,['dementia' 'normal'],136076,83,39,2,54555
297,6f7fd0f1-a2ed-4ff1-80d3-33dde731cbc3,pvalb GABAergic cortical interneuron,['dementia' 'normal'],109618,83,39,2,49566
298,6f7fd0f1-a2ed-4ff1-80d3-33dde731cbc3,VIP GABAergic cortical interneuron,['dementia' 'normal'],95014,83,39,2,41422
299,6f7fd0f1-a2ed-4ff1-80d3-33dde731cbc3,astrocyte of the cerebral cortex,['dementia' 'normal'],82936,83,39,2,40973
300,6f7fd0f1-a2ed-4ff1-80d3-33dde731cbc3,lamp5 GABAergic cortical interneuron,['dementia' 'normal'],74431,83,39,2,34419
301,6f7fd0f1-a2ed-4ff1-80d3-33dde731cbc3,sst GABAergic cortical interneuron,['dementia' 'normal'],73317,83,39,2,30633
302,6f7fd0f1-a2ed-4ff1-80d3-33dde731cbc3,microglial cell,['dementia' 'normal'],40625,83,39,2,20275
303,6f7fd0f1-a2ed-4ff1-80d3-33dde731cbc3,oligodendrocyte precursor cell,['dementia' 'normal'],27670,83,39,2,11739
304,6f7fd0f1-a2ed-4ff1-80d3-33dde731cbc3,corticothalamic-projecting glutamatergic cortical neuron,['dementia' 'normal'],27454,83,39,2,12002
305,6f7fd0f1-a2ed-4ff1-80d3-33dde731cbc3,sncg GABAergic cortical interneuron,['dementia' 'normal'],23640,83,39,2,10271
306,6f7fd0f1-a2ed-4ff1-80d3-33dde731cbc3,near-projecting glutamatergic cortical neuron,['dementia' 'normal'],18154,83,39,2,8059
307,6f7fd0f1-a2ed-4ff1-80d3-33dde731cbc3,L6b glutamatergic cortical neuron,['dementia' 'normal'],17996,83,39,2,7582
308,6f7fd0f1-a2ed-4ff1-80d3-33dde731cbc3,chandelier pvalb GABAergic cortical interneuron,['dementia' 'normal'],14871,83,39,2,5969
309,6f7fd0f1-a2ed-4ff1-80d3-33dde731cbc3,caudal ganglionic eminence derived interneuron,['dementia' 'normal'],8984,83,39,2,4178
310,6f7fd0f1-a2ed-4ff1-80d3-33dde731cbc3,vascular leptomeningeal cell,['dementia' 'normal'],4619,83,39,2,2295
311,6f7fd0f1-a2ed-4ff1-80d3-33dde731cbc3,cerebral cortex endothelial cell,['dementia' 'normal'],2496,83,39,2,1218
312,6f7fd0f1-a2ed-4ff1-80d3-33dde731cbc3,L5 extratelencephalic projecting glutamatergic cortical neuron,['dementia' 'normal'],3848,82,38,2,1545
313,edc8d3fe-153c-4e3d-8be0-2108d30f8d70,tracheal goblet cell,['COVID-19' 'normal'],68741,74,32,2,31537
314,edc8d3fe-153c-4e3d-8be0-2108d30f8d70,dendritic cell,['COVID-19' 'normal'],3354,72,31,2,1460
315,edc8d3fe-153c-4e3d-8be0-2108d30f8d70,ciliated cell,['COVID-19' 'normal'],37511,71,29,2,16475
316,edc8d3fe-153c-4e3d-8be0-2108d30f8d70,basal cell of epithelium of trachea,['COVID-19' 'normal'],32681,71,29,2,11620
317,edc8d3fe-153c-4e3d-8be0-2108d30f8d70,secretory cell,['COVID-19' 'normal'],29713,71,29,2,12479
318,edc8d3fe-153c-4e3d-8be0-2108d30f8d70,multi-ciliated epithelial cell,['COVID-19' 'normal'],2492,67,29,2,1054
319,edc8d3fe-153c-4e3d-8be0-2108d30f8d70,unknown,['COVID-19' 'normal'],11945,68,28,2,5914
320,edc8d3fe-153c-4e3d-8be0-2108d30f8d70,pulmonary ionocyte,['COVID-19' 'normal'],2289,66,28,2,982
321,edc8d3fe-153c-4e3d-8be0-2108d30f8d70,duct epithelial cell,['COVID-19' 'normal'],1434,67,27,2,527
322,c7775e88-49bf-4ba2-a03b-93f00447c958,IgA plasma cell,['COVID-19' 'normal'],2678,108,26,2,173
323,9dbab10c-118d-496b-966a-67f1763a6b7d,B cell,['COVID-19' 'normal'],403481,195,25,2,18698
324,9dbab10c-118d-496b-966a-67f1763a6b7d,"CD8-positive, alpha-beta T cell",['COVID-19' 'normal'],354766,195,25,2,61559
325,9dbab10c-118d-496b-966a-67f1763a6b7d,mature alpha-beta T cell,['COVID-19' 'normal'],257661,194,25,2,43891
326,9dbab10c-118d-496b-966a-67f1763a6b7d,"CD14-positive, CD16-negative classical monocyte",['COVID-19' 'normal'],250148,191,25,2,20736
327,f1606894-59df-4794-a37f-baa7c6fb6de1,endocardial cell,['atrial fibrillation' 'normal'],118154,54,25,2,48345
328,f1606894-59df-4794-a37f-baa7c6fb6de1,cardiac muscle cell,['atrial fibrillation' 'normal'],86194,54,25,2,39072
329,f1606894-59df-4794-a37f-baa7c6fb6de1,fibroblast,['atrial fibrillation' 'normal'],73117,54,25,2,30279
330,9dbab10c-118d-496b-966a-67f1763a6b7d,natural killer cell,['COVID-19' 'normal'],58433,192,25,2,8557
331,f1606894-59df-4794-a37f-baa7c6fb6de1,cardiac blood vessel endothelial cell,['atrial fibrillation' 'normal'],52385,54,25,2,25774
332,9dbab10c-118d-496b-966a-67f1763a6b7d,monocyte,['COVID-19' 'normal'],23977,191,25,2,3665
333,9dbab10c-118d-496b-966a-67f1763a6b7d,mature gamma-delta T cell,['COVID-19' 'normal'],16074,176,25,2,4323
334,f1606894-59df-4794-a37f-baa7c6fb6de1,macrophage,['atrial fibrillation' 'normal'],14198,54,25,2,6476
335,9dbab10c-118d-496b-966a-67f1763a6b7d,megakaryocyte,['COVID-19' 'normal'],13056,178,25,2,755
336,edc8d3fe-153c-4e3d-8be0-2108d30f8d70,monocyte,['COVID-19' 'normal'],7150,51,25,2,903
337,f1606894-59df-4794-a37f-baa7c6fb6de1,pericyte,['atrial fibrillation' 'normal'],5868,54,25,2,2736
338,f1606894-59df-4794-a37f-baa7c6fb6de1,smooth muscle cell,['atrial fibrillation' 'normal'],4507,54,25,2,2044
339,1e6a6ef9-7ec9-4c90-bbfb-2ad3c3165fd1,club cell,['lung adenocarcinoma' 'squamous cell lung carcinoma'],1450,93,25,2,445
340,d3cb449b-c2b1-4b50-a7f1-21203535fe61,oligodendrocyte,['Parkinson disease' 'normal'],1093520,97,24,2,231215
341,d3cb449b-c2b1-4b50-a7f1-21203535fe61,glutamatergic neuron,['Parkinson disease' 'normal'],328856,97,24,2,78928
342,d3cb449b-c2b1-4b50-a7f1-21203535fe61,astrocyte,['Parkinson disease' 'normal'],227452,97,24,2,40428
343,d3cb449b-c2b1-4b50-a7f1-21203535fe61,GABAergic neuron,['Parkinson disease' 'normal'],152393,97,24,2,35368
344,d3cb449b-c2b1-4b50-a7f1-21203535fe61,central nervous system macrophage,['Parkinson disease' 'normal'],118515,97,24,2,22001
345,d3cb449b-c2b1-4b50-a7f1-21203535fe61,oligodendrocyte precursor cell,['Parkinson disease' 'normal'],112585,97,24,2,23992
346,d3cb449b-c2b1-4b50-a7f1-21203535fe61,mural cell,['Parkinson disease' 'normal'],17865,97,24,2,4257
347,c7775e88-49bf-4ba2-a03b-93f00447c958,T follicular helper cell,['COVID-19' 'normal'],13580,109,24,2,800
348,9dbab10c-118d-496b-966a-67f1763a6b7d,dendritic cell,['COVID-19' 'normal'],12916,190,24,2,1726
349,d3cb449b-c2b1-4b50-a7f1-21203535fe61,endothelial cell,['Parkinson disease' 'normal'],11070,97,24,2,2486
350,9dbab10c-118d-496b-966a-67f1763a6b7d,"CD14-positive, CD16-positive monocyte",['COVID-19' 'normal'],8207,179,24,2,662
351,edc8d3fe-153c-4e3d-8be0-2108d30f8d70,"CD8-positive, alpha-beta memory T cell",['COVID-19' 'normal'],4336,49,24,2,1511
352,f1606894-59df-4794-a37f-baa7c6fb6de1,lymphocyte,['atrial fibrillation' 'normal'],3432,52,24,2,1496
353,edc8d3fe-153c-4e3d-8be0-2108d30f8d70,squamous epithelial cell,['COVID-19' 'normal'],855,60,24,2,331
354,c7775e88-49bf-4ba2-a03b-93f00447c958,CD14-positive monocyte,['COVID-19' 'normal'],120843,109,23,2,10546
355,c7775e88-49bf-4ba2-a03b-93f00447c958,plasmacytoid dendritic cell,['COVID-19' 'normal'],4612,106,23,2,678
356,f1606894-59df-4794-a37f-baa7c6fb6de1,Schwann cell,['atrial fibrillation' 'normal'],4391,52,23,2,1801
357,c7775e88-49bf-4ba2-a03b-93f00447c958,"dendritic cell, human",['COVID-19' 'normal'],3357,109,23,2,975
358,c7775e88-49bf-4ba2-a03b-93f00447c958,myeloid dendritic cell,['COVID-19' 'normal'],3243,101,23,2,1052
359,d3cb449b-c2b1-4b50-a7f1-21203535fe61,leukocyte,['Parkinson disease' 'normal'],2361,94,23,2,632
360,edc8d3fe-153c-4e3d-8be0-2108d30f8d70,naive T cell,['COVID-19' 'normal'],1432,46,23,2,510
361,d3cb449b-c2b1-4b50-a7f1-21203535fe61,central nervous system neuron,['Parkinson disease' 'normal'],18979,93,22,2,3968
362,9dbab10c-118d-496b-966a-67f1763a6b7d,plasma cell,['COVID-19' 'normal'],12671,176,22,2,355
363,d3cb449b-c2b1-4b50-a7f1-21203535fe61,ependymal cell,['Parkinson disease' 'normal'],12559,91,22,2,2022
364,c7775e88-49bf-4ba2-a03b-93f00447c958,plasmablast,['COVID-19' 'normal'],4114,103,22,2,95
365,c7775e88-49bf-4ba2-a03b-93f00447c958,IgG plasma cell,['COVID-19' 'normal'],3517,104,22,2,168
366,edc8d3fe-153c-4e3d-8be0-2108d30f8d70,macrophage,['COVID-19' 'normal'],2532,50,22,2,836
367,edc8d3fe-153c-4e3d-8be0-2108d30f8d70,"CD16-negative, CD56-bright natural killer cell, human",['COVID-19' 'normal'],889,45,22,2,172
368,c7775e88-49bf-4ba2-a03b-93f00447c958,"effector memory CD4-positive, alpha-beta T cell",['COVID-19' 'normal'],2626,101,21,2,188
369,c7775e88-49bf-4ba2-a03b-93f00447c958,"ILC1, human",['COVID-19' 'normal'],776,96,21,2,213
370,edc8d3fe-153c-4e3d-8be0-2108d30f8d70,Langerhans cell,['COVID-19' 'normal'],514,48,21,2,213
371,edc8d3fe-153c-4e3d-8be0-2108d30f8d70,alternatively activated macrophage,['COVID-19' 'normal'],1270,41,20,2,108
372,c7775e88-49bf-4ba2-a03b-93f00447c958,"erythroid progenitor cell, mammalian",['COVID-19' 'normal'],743,86,20,2,74
373,edc8d3fe-153c-4e3d-8be0-2108d30f8d70,club cell,['COVID-19' 'normal'],9181,55,19,2,4282
374,f1606894-59df-4794-a37f-baa7c6fb6de1,adipocyte,['atrial fibrillation' 'normal'],2599,39,19,2,1138
375,c7775e88-49bf-4ba2-a03b-93f00447c958,"CD34-positive, CD38-negative hematopoietic stem cell",['COVID-19' 'normal'],2202,101,19,2,74
376,c7775e88-49bf-4ba2-a03b-93f00447c958,IgM plasma cell,['COVID-19' 'normal'],1155,93,19,2,84
377,2a498ace-872a-4935-984b-1afa70fd9886,mature NK T cell,['normal' 'post-COVID-19 disorder'],463,47,19,2,220
378,f1606894-59df-4794-a37f-baa7c6fb6de1,mesothelial cell,['atrial fibrillation' 'normal'],27974,43,18,2,12320
379,5e717147-0f75-4de1-8bd2-6fda01b8d75f,classical monocyte,['COVID-19' 'normal'],26712,39,18,2,10554
380,d18736c3-6292-4379-919a-d6d973204c87,"central memory CD4-positive, alpha-beta T cell",['normal' 'rheumatoid arthritis'],21531,36,18,2,10400
381,d18736c3-6292-4379-919a-d6d973204c87,"naive thymus-derived CD4-positive, alpha-beta T cell",['normal' 'rheumatoid arthritis'],17043,36,18,2,7649
382,d18736c3-6292-4379-919a-d6d973204c87,classical monocyte,['normal' 'rheumatoid arthritis'],15391,36,18,2,7067
383,5e717147-0f75-4de1-8bd2-6fda01b8d75f,"central memory CD4-positive, alpha-beta T cell",['COVID-19' 'normal'],13101,39,18,2,6226
384,d18736c3-6292-4379-919a-d6d973204c87,"effector memory CD4-positive, alpha-beta T cell",['normal' 'rheumatoid arthritis'],12531,36,18,2,5656
385,d18736c3-6292-4379-919a-d6d973204c87,natural killer cell,['normal' 'rheumatoid arthritis'],9698,36,18,2,3906
386,5e717147-0f75-4de1-8bd2-6fda01b8d75f,"naive thymus-derived CD4-positive, alpha-beta T cell",['COVID-19' 'normal'],9030,38,18,2,3990
387,5e717147-0f75-4de1-8bd2-6fda01b8d75f,"effector memory CD8-positive, alpha-beta T cell",['COVID-19' 'normal'],8621,39,18,2,3455
388,5e717147-0f75-4de1-8bd2-6fda01b8d75f,natural killer cell,['COVID-19' 'normal'],7849,39,18,2,3433
389,d18736c3-6292-4379-919a-d6d973204c87,naive B cell,['normal' 'rheumatoid arthritis'],6760,36,18,2,2623
390,d18736c3-6292-4379-919a-d6d973204c87,memory B cell,['normal' 'rheumatoid arthritis'],6177,36,18,2,2586
391,d18736c3-6292-4379-919a-d6d973204c87,myeloid dendritic cell,['normal' 'rheumatoid arthritis'],6047,36,18,2,3018
392,1e6a6ef9-7ec9-4c90-bbfb-2ad3c3165fd1,non-classical monocyte,['lung adenocarcinoma' 'squamous cell lung carcinoma'],5643,109,18,2,1067
393,576f193c-75d0-4a11-bd25-8676587e6dc2,fibroblast,['lung adenocarcinoma' 'small cell lung carcinoma'],4867,38,18,2,800
394,5e717147-0f75-4de1-8bd2-6fda01b8d75f,naive B cell,['COVID-19' 'normal'],4062,39,18,2,1590
395,d18736c3-6292-4379-919a-d6d973204c87,"naive thymus-derived CD8-positive, alpha-beta T cell",['normal' 'rheumatoid arthritis'],2882,36,18,2,1028
396,d18736c3-6292-4379-919a-d6d973204c87,"effector memory CD8-positive, alpha-beta T cell, terminally differentiated",['normal' 'rheumatoid arthritis'],2702,36,18,2,1300
397,d18736c3-6292-4379-919a-d6d973204c87,"CD8-positive, alpha-beta memory T cell",['normal' 'rheumatoid arthritis'],2292,36,18,2,1112
398,d18736c3-6292-4379-919a-d6d973204c87,non-classical monocyte,['normal' 'rheumatoid arthritis'],2171,36,18,2,714
399,5e717147-0f75-4de1-8bd2-6fda01b8d75f,memory B cell,['COVID-19' 'normal'],1861,39,18,2,331
400,5e717147-0f75-4de1-8bd2-6fda01b8d75f,transitional stage B cell,['COVID-19' 'normal'],1696,39,18,2,773
401,5e717147-0f75-4de1-8bd2-6fda01b8d75f,mucosal invariant T cell,['COVID-19' 'normal'],1602,36,18,2,469
402,5e717147-0f75-4de1-8bd2-6fda01b8d75f,regulatory T cell,['COVID-19' 'normal'],1535,39,18,2,494
403,d18736c3-6292-4379-919a-d6d973204c87,plasmablast,['normal' 'rheumatoid arthritis'],1473,36,18,2,506
404,5e717147-0f75-4de1-8bd2-6fda01b8d75f,gamma-delta T cell,['COVID-19' 'normal'],1455,37,18,2,723
405,d18736c3-6292-4379-919a-d6d973204c87,gamma-delta T cell,['normal' 'rheumatoid arthritis'],1424,36,18,2,707
406,5e717147-0f75-4de1-8bd2-6fda01b8d75f,lymphocyte,['COVID-19' 'normal'],997,39,18,2,172
407,edc8d3fe-153c-4e3d-8be0-2108d30f8d70,memory B cell,['COVID-19' 'normal'],7835,36,17,2,1345
408,5e717147-0f75-4de1-8bd2-6fda01b8d75f,non-classical monocyte,['COVID-19' 'normal'],3579,38,17,2,1032
409,1e6a6ef9-7ec9-4c90-bbfb-2ad3c3165fd1,endothelial cell of lymphatic vessel,['lung adenocarcinoma' 'squamous cell lung carcinoma'],3367,86,17,2,1632
410,1e6a6ef9-7ec9-4c90-bbfb-2ad3c3165fd1,smooth muscle cell,['lung adenocarcinoma' 'squamous cell lung carcinoma'],1681,105,17,2,326
411,c7775e88-49bf-4ba2-a03b-93f00447c958,"CD8-positive, alpha-beta T cell",['COVID-19' 'normal'],1330,91,17,2,70
412,5e717147-0f75-4de1-8bd2-6fda01b8d75f,conventional dendritic cell,['COVID-19' 'normal'],849,38,17,2,275
413,c7775e88-49bf-4ba2-a03b-93f00447c958,dendritic cell,['COVID-19' 'normal'],585,83,17,2,126
414,5e717147-0f75-4de1-8bd2-6fda01b8d75f,"naive thymus-derived CD8-positive, alpha-beta T cell",['COVID-19' 'normal'],1845,33,16,2,900
415,9f222629-9e39-47d0-b83f-e08d610c7479,epithelial cell of alveolus of lung,['normal' 'pulmonary fibrosis'],1158,85,16,2,73
416,d18736c3-6292-4379-919a-d6d973204c87,"CD4-positive, alpha-beta T cell",['normal' 'rheumatoid arthritis'],595,32,16,2,242
417,5e717147-0f75-4de1-8bd2-6fda01b8d75f,"plasmacytoid dendritic cell, human",['COVID-19' 'normal'],514,37,16,2,136
418,cff99df2-4904-44f7-9173-ff837f95606e,glutamatergic neuron,['Alzheimer disease' 'normal'],277147,46,15,2,74940
419,cff99df2-4904-44f7-9173-ff837f95606e,GABAergic neuron,['Alzheimer disease' 'normal'],78411,46,15,2,24815
420,8f4f8502-9170-4ac2-9707-3b6985ebfe5f,endocardial cell,['atrial fibrillation' 'normal'],62580,46,15,2,21595
421,8f4f8502-9170-4ac2-9707-3b6985ebfe5f,fibroblast,['atrial fibrillation' 'normal'],50893,46,15,2,15911
422,8f4f8502-9170-4ac2-9707-3b6985ebfe5f,cardiac muscle cell,['atrial fibrillation' 'normal'],44787,46,15,2,14857
423,8f4f8502-9170-4ac2-9707-3b6985ebfe5f,cardiac blood vessel endothelial cell,['atrial fibrillation' 'normal'],20248,46,15,2,7744
424,8f4f8502-9170-4ac2-9707-3b6985ebfe5f,macrophage,['atrial fibrillation' 'normal'],9192,46,15,2,2610
425,8f4f8502-9170-4ac2-9707-3b6985ebfe5f,pericyte,['atrial fibrillation' 'normal'],3240,46,15,2,1038
426,8f4f8502-9170-4ac2-9707-3b6985ebfe5f,lymphocyte,['atrial fibrillation' 'normal'],2924,44,15,2,570
427,8f4f8502-9170-4ac2-9707-3b6985ebfe5f,Schwann cell,['atrial fibrillation' 'normal'],2352,46,15,2,506
428,1e6a6ef9-7ec9-4c90-bbfb-2ad3c3165fd1,pulmonary artery endothelial cell,['lung adenocarcinoma' 'squamous cell lung carcinoma'],1912,79,15,2,745
429,8f4f8502-9170-4ac2-9707-3b6985ebfe5f,smooth muscle cell,['atrial fibrillation' 'normal'],1582,45,15,2,511
430,5e717147-0f75-4de1-8bd2-6fda01b8d75f,plasmablast,['COVID-19' 'normal'],839,34,15,2,191
431,4a5b00e0-1ba3-4fd4-af89-d3512eb20720,antibody secreting cell,['myelodysplastic syndrome' 'normal'],458,50,15,2,82
432,8f4f8502-9170-4ac2-9707-3b6985ebfe5f,mesothelial cell,['atrial fibrillation' 'normal'],20429,40,14,2,6981
433,cff99df2-4904-44f7-9173-ff837f95606e,astrocyte,['Alzheimer disease' 'normal'],14586,45,14,2,3345
434,21d3e683-80a4-4d9b-bc89-ebb2df513dde,"CD4-positive, alpha-beta memory T cell",['COVID-19' 'normal'],94519,46,13,2,26710
435,30cd5311-6c09-46c9-94f1-71fe4b91813c,classical monocyte,['COVID-19' 'normal'],78908,46,13,2,13464
436,21d3e683-80a4-4d9b-bc89-ebb2df513dde,"CD8-positive, alpha-beta memory T cell",['COVID-19' 'normal'],42346,46,13,2,10758
437,cff99df2-4904-44f7-9173-ff837f95606e,oligodendrocyte,['Alzheimer disease' 'normal'],36558,43,13,2,8367
438,21d3e683-80a4-4d9b-bc89-ebb2df513dde,"naive thymus-derived CD4-positive, alpha-beta T cell",['COVID-19' 'normal'],31734,46,13,2,8020
439,30cd5311-6c09-46c9-94f1-71fe4b91813c,"CD16-positive, CD56-dim natural killer cell, human",['COVID-19' 'normal'],28705,46,13,2,6805
440,21d3e683-80a4-4d9b-bc89-ebb2df513dde,memory B cell,['COVID-19' 'normal'],21439,43,13,2,6102
441,21d3e683-80a4-4d9b-bc89-ebb2df513dde,naive B cell,['COVID-19' 'normal'],19293,44,13,2,3909
442,21d3e683-80a4-4d9b-bc89-ebb2df513dde,"naive thymus-derived CD8-positive, alpha-beta T cell",['COVID-19' 'normal'],13910,46,13,2,4172
443,21d3e683-80a4-4d9b-bc89-ebb2df513dde,mucosal invariant T cell,['COVID-19' 'normal'],6305,42,13,2,2520
444,30cd5311-6c09-46c9-94f1-71fe4b91813c,non-classical monocyte,['COVID-19' 'normal'],6160,44,13,2,2892
445,21d3e683-80a4-4d9b-bc89-ebb2df513dde,gamma-delta T cell,['COVID-19' 'normal'],5693,43,13,2,2512
446,cff99df2-4904-44f7-9173-ff837f95606e,oligodendrocyte precursor cell,['Alzheimer disease' 'normal'],5643,43,13,2,1459
447,cff99df2-4904-44f7-9173-ff837f95606e,microglial cell,['Alzheimer disease' 'normal'],5070,43,13,2,789
448,30cd5311-6c09-46c9-94f1-71fe4b91813c,platelet,['COVID-19' 'normal'],3370,46,13,2,391
449,21d3e683-80a4-4d9b-bc89-ebb2df513dde,regulatory T cell,['COVID-19' 'normal'],3041,45,13,2,621
450,c7775e88-49bf-4ba2-a03b-93f00447c958,erythrocyte,['COVID-19' 'normal'],2226,86,13,2,301
451,21d3e683-80a4-4d9b-bc89-ebb2df513dde,plasmablast,['COVID-19' 'normal'],2099,44,13,2,249
452,30cd5311-6c09-46c9-94f1-71fe4b91813c,conventional dendritic cell,['COVID-19' 'normal'],991,44,13,2,355
453,30cd5311-6c09-46c9-94f1-71fe4b91813c,plasmacytoid dendritic cell,['COVID-19' 'normal'],787,41,13,2,354
454,c7775e88-49bf-4ba2-a03b-93f00447c958,"CD14-low, CD16-positive monocyte",['COVID-19' 'normal'],4140,59,12,2,198
455,30cd5311-6c09-46c9-94f1-71fe4b91813c,natural killer cell,['COVID-19' 'normal'],3825,45,12,2,1241
456,8f4f8502-9170-4ac2-9707-3b6985ebfe5f,adipocyte,['atrial fibrillation' 'normal'],1928,39,12,2,944
457,ebc2e1ff-c8f9-466a-acf4-9d291afaf8b3,megakaryocyte-erythroid progenitor cell,['COVID-19' 'influenza'],1540,99,12,2,219
458,21d3e683-80a4-4d9b-bc89-ebb2df513dde,memory T cell,['COVID-19' 'normal'],1166,38,12,2,341
459,5e717147-0f75-4de1-8bd2-6fda01b8d75f,platelet,['COVID-19' 'normal'],1161,30,12,2,284
460,576f193c-75d0-4a11-bd25-8676587e6dc2,neutrophil,['lung adenocarcinoma' 'small cell lung carcinoma'],1084,24,12,2,358
461,dea717d4-7bc0-4e46-950f-fd7e1cc8df7d,plasma cell,['acute kidney failure' 'chronic kidney disease'],1006,43,12,2,360
462,13b61a7d-5605-4948-ba48-02c588960143,"CD8-positive, alpha-beta T cell",['COVID-19' 'normal'],927,40,12,2,301
463,e22482ee-19e8-40bc-9f6e-541dc3c82c20,plasma cell,['normal' 'plasma cell myeloma'],51909,66,11,2,6367
464,df1edb87-e512-43ae-b5f4-cb179cfc2bb4,acinar cell of salivary gland,['Sjogren syndrome' 'normal'],47033,25,11,2,16187
465,df1edb87-e512-43ae-b5f4-cb179cfc2bb4,fibroblast,['Sjogren syndrome' 'normal'],11625,25,11,2,4098
466,df1edb87-e512-43ae-b5f4-cb179cfc2bb4,IgA plasma cell,['Sjogren syndrome' 'normal'],8916,25,11,2,4421
467,df1edb87-e512-43ae-b5f4-cb179cfc2bb4,endothelial cell,['Sjogren syndrome' 'normal'],5750,25,11,2,2214
468,a12ccb9b-4fbe-457d-8590-ac78053259ef,kidney loop of Henle thin ascending limb epithelial cell,['chronic kidney disease' 'normal'],3385,26,11,2,649
469,df1edb87-e512-43ae-b5f4-cb179cfc2bb4,"CD4-positive, alpha-beta T cell",['Sjogren syndrome' 'normal'],3270,25,11,2,502
470,df1edb87-e512-43ae-b5f4-cb179cfc2bb4,"effector CD8-positive, alpha-beta T cell",['Sjogren syndrome' 'normal'],2422,25,11,2,666
471,9f222629-9e39-47d0-b83f-e08d610c7479,acinar cell,['cystic fibrosis' 'normal'],1578,79,11,2,114
472,e22482ee-19e8-40bc-9f6e-541dc3c82c20,macrophage,['normal' 'plasma cell myeloma'],863,49,11,2,214
473,df1edb87-e512-43ae-b5f4-cb179cfc2bb4,alternatively activated macrophage,['Sjogren syndrome' 'normal'],504,24,11,2,199
474,fe4b89d5-461e-440c-a5a8-621b37b122c0,enterocyte,['Crohn disease' 'normal'],71681,42,10,2,19218
475,fe4b89d5-461e-440c-a5a8-621b37b122c0,stem cell,['Crohn disease' 'normal'],39894,42,10,2,7278
476,a37f857c-779f-464e-9310-3db43a1811e7,"CD8-positive, alpha-beta T cell",['Crohn disease' 'normal'],28571,42,10,2,2777
477,a37f857c-779f-464e-9310-3db43a1811e7,"CD4-positive, alpha-beta T cell",['Crohn disease' 'normal'],28231,42,10,2,2878
478,fe4b89d5-461e-440c-a5a8-621b37b122c0,goblet cell,['Crohn disease' 'normal'],21372,41,10,2,2867
479,9fcb0b73-c734-40a5-be9c-ace7eea401c9,fibroblast,['normal' 'periodontitis'],17508,30,10,2,4729
480,fe4b89d5-461e-440c-a5a8-621b37b122c0,epithelial cell,['Crohn disease' 'normal'],12798,41,10,2,2389
481,5af90777-6760-4003-9dba-8f945fec6fdf,"naive thymus-derived CD4-positive, alpha-beta T cell",['nonpapillary renal cell carcinoma' 'normal'],11039,12,10,2,274
482,5af90777-6760-4003-9dba-8f945fec6fdf,"effector memory CD4-positive, alpha-beta T cell",['nonpapillary renal cell carcinoma' 'normal'],6901,12,10,2,2049
483,a37f857c-779f-464e-9310-3db43a1811e7,intraepithelial lymphocyte,['Crohn disease' 'normal'],5663,41,10,2,308
484,a37f857c-779f-464e-9310-3db43a1811e7,T cell,['Crohn disease' 'normal'],5447,42,10,2,506
485,5af90777-6760-4003-9dba-8f945fec6fdf,"CD4-positive, CD25-positive, alpha-beta regulatory T cell",['nonpapillary renal cell carcinoma' 'normal'],4802,12,10,2,542
486,fe4b89d5-461e-440c-a5a8-621b37b122c0,paneth cell,['Crohn disease' 'normal'],4771,41,10,2,824
487,ebc2e1ff-c8f9-466a-acf4-9d291afaf8b3,mucosal invariant T cell,['COVID-19' 'normal'],4509,105,10,2,1254
488,9fcb0b73-c734-40a5-be9c-ace7eea401c9,capillary endothelial cell,['normal' 'periodontitis'],3971,30,10,2,996
489,a37f857c-779f-464e-9310-3db43a1811e7,naive T cell,['Crohn disease' 'normal'],3884,42,10,2,563
490,df1edb87-e512-43ae-b5f4-cb179cfc2bb4,myoepithelial cell,['Sjogren syndrome' 'normal'],3862,24,10,2,1052
491,a37f857c-779f-464e-9310-3db43a1811e7,natural killer cell,['Crohn disease' 'normal'],3563,42,10,2,256
492,9fcb0b73-c734-40a5-be9c-ace7eea401c9,pericyte,['normal' 'periodontitis'],3301,30,10,2,769
493,9fcb0b73-c734-40a5-be9c-ace7eea401c9,endothelial cell of artery,['normal' 'periodontitis'],3095,30,10,2,794
494,df1edb87-e512-43ae-b5f4-cb179cfc2bb4,duct epithelial cell,['Sjogren syndrome' 'normal'],3064,24,10,2,1327
495,9fcb0b73-c734-40a5-be9c-ace7eea401c9,vascular associated smooth muscle cell,['normal' 'periodontitis'],2997,30,10,2,890
496,df1edb87-e512-43ae-b5f4-cb179cfc2bb4,"CD8-positive, alpha-beta cytotoxic T cell",['Sjogren syndrome' 'normal'],2032,24,10,2,208
497,df1edb87-e512-43ae-b5f4-cb179cfc2bb4,IgG plasma cell,['Sjogren syndrome' 'normal'],1975,24,10,2,580
498,fe4b89d5-461e-440c-a5a8-621b37b122c0,brush cell,['Crohn disease' 'normal'],1807,40,10,2,224
499,5af90777-6760-4003-9dba-8f945fec6fdf,innate lymphoid cell,['nonpapillary renal cell carcinoma' 'normal'],1273,12,10,2,568
500,30cd5311-6c09-46c9-94f1-71fe4b91813c,"CD16-negative, CD56-bright natural killer cell, human",['COVID-19' 'normal'],1237,36,10,2,261
501,fe4b89d5-461e-440c-a5a8-621b37b122c0,type L enteroendocrine cell,['Crohn disease' 'normal'],1127,41,10,2,197
502,5af90777-6760-4003-9dba-8f945fec6fdf,plasmacytoid dendritic cell,['nonpapillary renal cell carcinoma' 'normal'],863,12,10,2,382
503,df1edb87-e512-43ae-b5f4-cb179cfc2bb4,inflammatory macrophage,['Sjogren syndrome' 'normal'],787,24,10,2,347
504,a37f857c-779f-464e-9310-3db43a1811e7,macrophage,['Crohn disease' 'normal'],29603,41,9,2,1478
505,a37f857c-779f-464e-9310-3db43a1811e7,regulatory T cell,['Crohn disease' 'normal'],7022,41,9,2,868
506,a37f857c-779f-464e-9310-3db43a1811e7,unknown,['Crohn disease' 'normal'],5872,41,9,2,365
507,21d3e683-80a4-4d9b-bc89-ebb2df513dde,double negative thymocyte,['COVID-19' 'normal'],5164,28,9,2,1496
508,5af90777-6760-4003-9dba-8f945fec6fdf,"naive thymus-derived CD8-positive, alpha-beta T cell",['nonpapillary renal cell carcinoma' 'normal'],2491,12,9,2,1242
509,9f222629-9e39-47d0-b83f-e08d610c7479,serous secreting cell,['chronic rhinitis' 'normal'],2472,27,9,2,982
510,7bb64315-9e5a-41b9-9235-59acf9642a3e,P/D1 enteroendocrine cell,['gastric intestinal metaplasia' 'normal'],1165,25,9,2,361
511,a37f857c-779f-464e-9310-3db43a1811e7,innate lymphoid cell,['Crohn disease' 'normal'],1137,41,9,2,112
512,5af90777-6760-4003-9dba-8f945fec6fdf,IgG plasma cell,['nonpapillary renal cell carcinoma' 'normal'],785,11,9,2,291
513,fe4b89d5-461e-440c-a5a8-621b37b122c0,type EC enteroendocrine cell,['Crohn disease' 'normal'],686,38,9,2,77
514,9fcb0b73-c734-40a5-be9c-ace7eea401c9,plasmacytoid dendritic cell,['normal' 'periodontitis'],583,22,9,2,268
515,5af90777-6760-4003-9dba-8f945fec6fdf,IgA plasma cell,['nonpapillary renal cell carcinoma' 'normal'],554,12,9,2,259
516,85c60876-7f35-40c5-a256-7808d84c6ba5,neuron,['Alzheimer disease' 'normal'],96129,16,8,2,46070
517,a37f857c-779f-464e-9310-3db43a1811e7,plasma cell,['Crohn disease' 'normal'],45055,40,8,2,4097
518,0f4865d5-8000-4f68-8ac7-f5efea9e5e70,fibroblast,['Crohn disease' 'normal'],33433,40,8,2,3302
519,9813a1d4-d107-459e-9b2e-7687be935f69,inhibitory interneuron,['Alzheimer disease' 'normal'],23197,16,8,2,11464
520,e7c5ba7e-4be0-4696-af50-a07d0dc7aac5,helper T cell,['basal cell carcinoma' 'normal'],22251,28,8,2,7939
521,e7c5ba7e-4be0-4696-af50-a07d0dc7aac5,fibroblast,['basal cell carcinoma' 'normal'],18047,28,8,2,3628
522,e7c5ba7e-4be0-4696-af50-a07d0dc7aac5,natural killer cell,['basal cell carcinoma' 'normal'],12901,27,8,2,5667
523,e7c5ba7e-4be0-4696-af50-a07d0dc7aac5,pericyte,['basal cell carcinoma' 'normal'],11343,28,8,2,4908
524,e7c5ba7e-4be0-4696-af50-a07d0dc7aac5,regulatory T cell,['basal cell carcinoma' 'normal'],10928,28,8,2,4982
525,e7c5ba7e-4be0-4696-af50-a07d0dc7aac5,"CD8-positive, alpha-beta memory T cell, CD45RO-positive",['basal cell carcinoma' 'normal'],10723,28,8,2,4064
526,3c75a463-6a87-4132-83a8-c3002624394d,"activated CD4-positive, alpha-beta T cell",['common variable immunodeficiency' 'normal'],10030,18,8,2,4107
527,e7c5ba7e-4be0-4696-af50-a07d0dc7aac5,macrophage,['basal cell carcinoma' 'normal'],9502,28,8,2,2429
528,a37f857c-779f-464e-9310-3db43a1811e7,plasmacytoid dendritic cell,['Crohn disease' 'normal'],8259,40,8,2,456
529,3c75a463-6a87-4132-83a8-c3002624394d,regulatory T cell,['common variable immunodeficiency' 'normal'],7206,18,8,2,3080
530,3c75a463-6a87-4132-83a8-c3002624394d,"CD4-positive, alpha-beta memory T cell",['common variable immunodeficiency' 'normal'],7047,18,8,2,2637
531,3c75a463-6a87-4132-83a8-c3002624394d,memory B cell,['common variable immunodeficiency' 'normal'],6828,18,8,2,2827
532,e7c5ba7e-4be0-4696-af50-a07d0dc7aac5,conventional dendritic cell,['basal cell carcinoma' 'normal'],6799,28,8,2,1975
533,3c75a463-6a87-4132-83a8-c3002624394d,conventional dendritic cell,['common variable immunodeficiency' 'normal'],6494,18,8,2,2435
534,3c75a463-6a87-4132-83a8-c3002624394d,"CD16-positive, CD56-dim natural killer cell, human",['common variable immunodeficiency' 'normal'],6384,18,8,2,2973
535,3c75a463-6a87-4132-83a8-c3002624394d,type I NK T cell,['common variable immunodeficiency' 'normal'],5636,18,8,2,676
536,3c75a463-6a87-4132-83a8-c3002624394d,classical monocyte,['common variable immunodeficiency' 'normal'],5474,18,8,2,2358
537,3c75a463-6a87-4132-83a8-c3002624394d,"naive thymus-derived CD4-positive, alpha-beta T cell",['common variable immunodeficiency' 'normal'],5360,18,8,2,2609
538,3c75a463-6a87-4132-83a8-c3002624394d,"activated CD8-positive, alpha-beta T cell",['common variable immunodeficiency' 'normal'],4851,18,8,2,1804
539,e7c5ba7e-4be0-4696-af50-a07d0dc7aac5,cytotoxic T cell,['basal cell carcinoma' 'normal'],4284,26,8,2,1678
540,3c75a463-6a87-4132-83a8-c3002624394d,intermediate monocyte,['common variable immunodeficiency' 'normal'],4203,18,8,2,1752
541,3c75a463-6a87-4132-83a8-c3002624394d,"effector memory CD8-positive, alpha-beta T cell",['common variable immunodeficiency' 'normal'],4124,18,8,2,635
542,e7c5ba7e-4be0-4696-af50-a07d0dc7aac5,innate lymphoid cell,['basal cell carcinoma' 'normal'],3967,28,8,2,1372
543,e7c5ba7e-4be0-4696-af50-a07d0dc7aac5,basal cell,['basal cell carcinoma' 'normal'],3935,23,8,2,513
544,e7c5ba7e-4be0-4696-af50-a07d0dc7aac5,endothelial cell of vascular tree,['basal cell carcinoma' 'normal'],3935,28,8,2,1586
545,3c75a463-6a87-4132-83a8-c3002624394d,macrophage,['common variable immunodeficiency' 'normal'],3804,18,8,2,1445
546,3c75a463-6a87-4132-83a8-c3002624394d,"CD8-positive, alpha-beta memory T cell",['common variable immunodeficiency' 'normal'],3276,18,8,2,864
547,e7c5ba7e-4be0-4696-af50-a07d0dc7aac5,basal cell of epidermis,['basal cell carcinoma' 'normal'],3266,28,8,2,521
548,3c75a463-6a87-4132-83a8-c3002624394d,"naive thymus-derived CD8-positive, alpha-beta T cell",['common variable immunodeficiency' 'normal'],3116,18,8,2,1252
549,e7c5ba7e-4be0-4696-af50-a07d0dc7aac5,monocyte,['basal cell carcinoma' 'normal'],3012,24,8,2,651
550,5af90777-6760-4003-9dba-8f945fec6fdf,naive B cell,['nonpapillary renal cell carcinoma' 'normal'],2987,12,8,2,68
551,3c75a463-6a87-4132-83a8-c3002624394d,naive B cell,['common variable immunodeficiency' 'normal'],2970,18,8,2,1013
552,e7c5ba7e-4be0-4696-af50-a07d0dc7aac5,melanocyte of skin,['basal cell carcinoma' 'normal'],2420,28,8,2,581
553,a37f857c-779f-464e-9310-3db43a1811e7,conventional dendritic cell,['Crohn disease' 'normal'],2215,40,8,2,119
554,e7c5ba7e-4be0-4696-af50-a07d0dc7aac5,suprabasal keratinocyte,['basal cell carcinoma' 'normal'],1901,28,8,2,272
555,3c75a463-6a87-4132-83a8-c3002624394d,non-classical monocyte,['common variable immunodeficiency' 'normal'],1639,18,8,2,699
556,3c75a463-6a87-4132-83a8-c3002624394d,"CD16-negative, CD56-bright natural killer cell, human",['common variable immunodeficiency' 'normal'],1549,18,8,2,714
557,7bb64315-9e5a-41b9-9235-59acf9642a3e,peptic cell,['gastric intestinal metaplasia' 'normal'],1545,25,8,2,325
558,3c75a463-6a87-4132-83a8-c3002624394d,"effector memory CD8-positive, alpha-beta T cell, terminally differentiated",['common variable immunodeficiency' 'normal'],1444,18,8,2,304
559,e7c5ba7e-4be0-4696-af50-a07d0dc7aac5,plasmacytoid dendritic cell,['basal cell carcinoma' 'normal'],1394,27,8,2,306
560,3c75a463-6a87-4132-83a8-c3002624394d,gamma-delta T cell,['common variable immunodeficiency' 'normal'],1387,18,8,2,558
561,e7c5ba7e-4be0-4696-af50-a07d0dc7aac5,plasma cell,['basal cell carcinoma' 'normal'],1309,22,8,2,359
562,edc8d3fe-153c-4e3d-8be0-2108d30f8d70,"CD4-positive, alpha-beta memory T cell",['COVID-19' 'normal'],1179,20,8,2,82
563,3c75a463-6a87-4132-83a8-c3002624394d,mucosal invariant T cell,['common variable immunodeficiency' 'normal'],1173,18,8,2,526
564,e7c5ba7e-4be0-4696-af50-a07d0dc7aac5,endothelial cell of lymphatic vessel,['basal cell carcinoma' 'normal'],900,27,8,2,260
565,5af90777-6760-4003-9dba-8f945fec6fdf,class switched memory B cell,['nonpapillary renal cell carcinoma' 'normal'],668,12,8,2,106
566,e7c5ba7e-4be0-4696-af50-a07d0dc7aac5,dendritic cell,['basal cell carcinoma' 'normal'],606,27,8,2,295
567,3c75a463-6a87-4132-83a8-c3002624394d,plasma cell,['common variable immunodeficiency' 'normal'],524,18,8,2,168
568,e7c5ba7e-4be0-4696-af50-a07d0dc7aac5,Schwann cell,['basal cell carcinoma' 'normal'],502,27,8,2,200
569,3b8b5de4-3aa1-4ac6-8890-8d03c8219981,neuron,['frontotemporal dementia' 'normal'],50346,16,7,2,19881
570,3b8b5de4-3aa1-4ac6-8890-8d03c8219981,oligodendrocyte,['frontotemporal dementia' 'normal'],36238,16,7,2,13947
571,0f4865d5-8000-4f68-8ac7-f5efea9e5e70,endothelial cell,['Crohn disease' 'normal'],21723,39,7,2,891
572,b6b5ea88-e092-46e4-b9c5-e93b52d5c195,epithelial cell,['normal' 'oropharynx squamous cell carcinoma'],21297,10,7,2,3235
573,d8da613f-e681-4c69-b463-e94f5e66847f,pulmonary alveolar type 2 cell,['COVID-19' 'normal'],20949,27,7,2,9099
574,19e46756-9100-4e01-8b0e-23b557558a4c,"CD4-positive, alpha-beta T cell",['clonal hematopoiesis' 'normal'],19046,24,7,2,7639
575,19e46756-9100-4e01-8b0e-23b557558a4c,CD14-positive monocyte,['clonal hematopoiesis' 'normal'],18611,24,7,2,3553
576,d8da613f-e681-4c69-b463-e94f5e66847f,fibroblast,['COVID-19' 'normal'],15973,27,7,2,2623
577,3b8b5de4-3aa1-4ac6-8890-8d03c8219981,astrocyte,['frontotemporal dementia' 'normal'],15755,16,7,2,5190
578,a37f857c-779f-464e-9310-3db43a1811e7,B cell,['Crohn disease' 'normal'],14979,39,7,2,2198
579,b6b5ea88-e092-46e4-b9c5-e93b52d5c195,B cell,['normal' 'oropharynx squamous cell carcinoma'],14675,10,7,2,4756
580,19e46756-9100-4e01-8b0e-23b557558a4c,"CD8-positive, alpha-beta T cell",['clonal hematopoiesis' 'normal'],14525,24,7,2,4183
581,d8da613f-e681-4c69-b463-e94f5e66847f,alveolar macrophage,['COVID-19' 'normal'],12511,27,7,2,1645
582,8fbed309-d3d4-441b-b3ff-e2dcbcec2d35,"CD4-positive, alpha-beta T cell",['chronic obstructive pulmonary disease' 'normal'],11365,16,7,2,4187
583,b6b5ea88-e092-46e4-b9c5-e93b52d5c195,"CD4-positive, alpha-beta T cell",['normal' 'oropharynx squamous cell carcinoma'],10364,10,7,2,3461
584,d8da613f-e681-4c69-b463-e94f5e66847f,macrophage,['COVID-19' 'normal'],9534,27,7,2,2030
585,19e46756-9100-4e01-8b0e-23b557558a4c,natural killer cell,['clonal hematopoiesis' 'normal'],9014,24,7,2,2529
586,b6b5ea88-e092-46e4-b9c5-e93b52d5c195,"CD8-positive, alpha-beta T cell",['normal' 'oropharynx squamous cell carcinoma'],8701,10,7,2,2419
587,a37f857c-779f-464e-9310-3db43a1811e7,mast cell,['Crohn disease' 'normal'],8540,39,7,2,852
588,8fbed309-d3d4-441b-b3ff-e2dcbcec2d35,natural killer cell,['chronic obstructive pulmonary disease' 'normal'],8423,16,7,2,2744
589,d8da613f-e681-4c69-b463-e94f5e66847f,"CD4-positive, alpha-beta T cell",['COVID-19' 'normal'],7586,27,7,2,2711
590,d8da613f-e681-4c69-b463-e94f5e66847f,monocyte,['COVID-19' 'normal'],7379,27,7,2,957
591,b6b5ea88-e092-46e4-b9c5-e93b52d5c195,plasma cell,['normal' 'oropharynx squamous cell carcinoma'],6929,10,7,2,3426
592,b6b5ea88-e092-46e4-b9c5-e93b52d5c195,myeloid cell,['normal' 'oropharynx squamous cell carcinoma'],6901,10,7,2,650
593,8fbed309-d3d4-441b-b3ff-e2dcbcec2d35,capillary endothelial cell,['chronic obstructive pulmonary disease' 'normal'],6393,16,7,2,1992
594,d8da613f-e681-4c69-b463-e94f5e66847f,plasma cell,['COVID-19' 'normal'],5391,27,7,2,880
595,8e47ed12-c658-4252-b126-381df8d52a3d,enterocyte,['Crohn disease' 'normal'],5068,15,7,2,1765
596,d8da613f-e681-4c69-b463-e94f5e66847f,natural killer cell,['COVID-19' 'normal'],4955,27,7,2,1362
597,d8da613f-e681-4c69-b463-e94f5e66847f,alveolar adventitial fibroblast,['COVID-19' 'normal'],4670,27,7,2,1940
598,8fbed309-d3d4-441b-b3ff-e2dcbcec2d35,macrophage,['chronic obstructive pulmonary disease' 'normal'],4289,16,7,2,2002
599,8fbed309-d3d4-441b-b3ff-e2dcbcec2d35,"CD8-positive, alpha-beta T cell",['chronic obstructive pulmonary disease' 'normal'],4136,16,7,2,1537
600,b6b5ea88-e092-46e4-b9c5-e93b52d5c195,regulatory T cell,['normal' 'oropharynx squamous cell carcinoma'],4067,10,7,2,914
601,3b8b5de4-3aa1-4ac6-8890-8d03c8219981,oligodendrocyte precursor cell,['frontotemporal dementia' 'normal'],3952,16,7,2,1776
602,3b8b5de4-3aa1-4ac6-8890-8d03c8219981,microglial cell,['frontotemporal dementia' 'normal'],3741,16,7,2,1110
603,d8da613f-e681-4c69-b463-e94f5e66847f,"CD8-positive, alpha-beta T cell",['COVID-19' 'normal'],3561,27,7,2,803
604,19e46756-9100-4e01-8b0e-23b557558a4c,B cell,['clonal hematopoiesis' 'normal'],3540,24,7,2,1184
605,b6b5ea88-e092-46e4-b9c5-e93b52d5c195,fibroblast,['normal' 'oropharynx squamous cell carcinoma'],3438,10,7,2,1605
606,8fbed309-d3d4-441b-b3ff-e2dcbcec2d35,monocyte,['chronic obstructive pulmonary disease' 'normal'],3425,16,7,2,1636
607,3b8b5de4-3aa1-4ac6-8890-8d03c8219981,endothelial cell,['frontotemporal dementia' 'normal'],3074,16,7,2,1129
608,edc8d3fe-153c-4e3d-8be0-2108d30f8d70,naive B cell,['COVID-19' 'normal'],3041,22,7,2,495
609,8fbed309-d3d4-441b-b3ff-e2dcbcec2d35,fibroblast,['chronic obstructive pulmonary disease' 'normal'],3022,16,7,2,741
610,8fbed309-d3d4-441b-b3ff-e2dcbcec2d35,conventional dendritic cell,['chronic obstructive pulmonary disease' 'normal'],2808,16,7,2,1132
611,8e47ed12-c658-4252-b126-381df8d52a3d,fibroblast,['Crohn disease' 'normal'],2565,15,7,2,927
612,8fbed309-d3d4-441b-b3ff-e2dcbcec2d35,mast cell,['chronic obstructive pulmonary disease' 'normal'],2413,16,7,2,1193
613,d8da613f-e681-4c69-b463-e94f5e66847f,lung ciliated cell,['COVID-19' 'normal'],2392,26,7,2,1150
614,d8da613f-e681-4c69-b463-e94f5e66847f,endothelial cell,['COVID-19' 'normal'],2299,27,7,2,870
615,8fbed309-d3d4-441b-b3ff-e2dcbcec2d35,pulmonary alveolar type 2 cell,['chronic obstructive pulmonary disease' 'normal'],2144,16,7,2,848
616,d8da613f-e681-4c69-b463-e94f5e66847f,neuron,['COVID-19' 'normal'],2017,27,7,2,331
617,8fbed309-d3d4-441b-b3ff-e2dcbcec2d35,vein endothelial cell,['chronic obstructive pulmonary disease' 'normal'],2015,16,7,2,829
618,8fbed309-d3d4-441b-b3ff-e2dcbcec2d35,lung ciliated cell,['chronic obstructive pulmonary disease' 'normal'],1950,16,7,2,896
619,e7c5ba7e-4be0-4696-af50-a07d0dc7aac5,mast cell,['basal cell carcinoma' 'normal'],1852,24,7,2,868
620,d8da613f-e681-4c69-b463-e94f5e66847f,B cell,['COVID-19' 'normal'],1845,27,7,2,741
621,b6b5ea88-e092-46e4-b9c5-e93b52d5c195,endothelial cell,['normal' 'oropharynx squamous cell carcinoma'],1810,10,7,2,895
622,b6b5ea88-e092-46e4-b9c5-e93b52d5c195,mural cell,['normal' 'oropharynx squamous cell carcinoma'],1793,10,7,2,783
623,d8da613f-e681-4c69-b463-e94f5e66847f,epithelial cell,['COVID-19' 'normal'],1788,27,7,2,523
624,d8da613f-e681-4c69-b463-e94f5e66847f,lung goblet cell,['COVID-19' 'normal'],1757,27,7,2,742
625,a37f857c-779f-464e-9310-3db43a1811e7,monocyte,['Crohn disease' 'normal'],1636,38,7,2,125
626,d8da613f-e681-4c69-b463-e94f5e66847f,mast cell,['COVID-19' 'normal'],1438,27,7,2,555
627,b6b5ea88-e092-46e4-b9c5-e93b52d5c195,natural killer cell,['normal' 'oropharynx squamous cell carcinoma'],1398,10,7,2,319
628,5af90777-6760-4003-9dba-8f945fec6fdf,unswitched memory B cell,['nonpapillary renal cell carcinoma' 'normal'],1387,12,7,2,141
629,a37f857c-779f-464e-9310-3db43a1811e7,dendritic cell,['Crohn disease' 'normal'],1326,39,7,2,68
630,d8da613f-e681-4c69-b463-e94f5e66847f,mucus secreting cell,['COVID-19' 'normal'],1307,27,7,2,258
631,8fbed309-d3d4-441b-b3ff-e2dcbcec2d35,smooth muscle cell,['chronic obstructive pulmonary disease' 'normal'],1279,16,7,2,443
632,d8da613f-e681-4c69-b463-e94f5e66847f,club cell,['COVID-19' 'normal'],1232,27,7,2,376
633,8e47ed12-c658-4252-b126-381df8d52a3d,intestinal crypt stem cell,['Crohn disease' 'normal'],1190,15,7,2,561
634,d8da613f-e681-4c69-b463-e94f5e66847f,vein endothelial cell,['COVID-19' 'normal'],1140,27,7,2,214
635,8e47ed12-c658-4252-b126-381df8d52a3d,IgG plasma cell,['Crohn disease' 'normal'],1137,15,7,2,196
636,8e47ed12-c658-4252-b126-381df8d52a3d,IgA plasma cell,['Crohn disease' 'normal'],1100,15,7,2,421
637,d8da613f-e681-4c69-b463-e94f5e66847f,dendritic cell,['COVID-19' 'normal'],1083,26,7,2,537
638,8e47ed12-c658-4252-b126-381df8d52a3d,intestine goblet cell,['Crohn disease' 'normal'],1049,15,7,2,416
639,8e47ed12-c658-4252-b126-381df8d52a3d,memory B cell,['Crohn disease' 'normal'],1040,14,7,2,375
640,d8da613f-e681-4c69-b463-e94f5e66847f,tracheobronchial smooth muscle cell,['COVID-19' 'normal'],1020,27,7,2,398
641,d8da613f-e681-4c69-b463-e94f5e66847f,endothelial cell of artery,['COVID-19' 'normal'],937,27,7,2,413
642,19e46756-9100-4e01-8b0e-23b557558a4c,"CD16-positive, CD56-dim natural killer cell, human",['clonal hematopoiesis' 'normal'],920,24,7,2,192
643,8fbed309-d3d4-441b-b3ff-e2dcbcec2d35,endothelial cell,['chronic obstructive pulmonary disease' 'normal'],912,16,7,2,325
644,edc8d3fe-153c-4e3d-8be0-2108d30f8d70,neutrophil,['COVID-19' 'normal'],782,26,7,2,127
645,8fbed309-d3d4-441b-b3ff-e2dcbcec2d35,B cell,['chronic obstructive pulmonary disease' 'normal'],712,16,7,2,345
646,d8da613f-e681-4c69-b463-e94f5e66847f,regulatory T cell,['COVID-19' 'normal'],649,25,7,2,216
647,8e47ed12-c658-4252-b126-381df8d52a3d,transit amplifying cell,['Crohn disease' 'normal'],600,15,7,2,194
648,d8da613f-e681-4c69-b463-e94f5e66847f,pericyte,['COVID-19' 'normal'],597,27,7,2,160
649,8fbed309-d3d4-441b-b3ff-e2dcbcec2d35,pulmonary alveolar type 1 cell,['chronic obstructive pulmonary disease' 'normal'],554,16,7,2,219
650,8fbed309-d3d4-441b-b3ff-e2dcbcec2d35,club cell,['chronic obstructive pulmonary disease' 'normal'],529,16,7,2,134
651,8fbed309-d3d4-441b-b3ff-e2dcbcec2d35,neutrophil,['chronic obstructive pulmonary disease' 'normal'],521,16,7,2,164
652,b6b5ea88-e092-46e4-b9c5-e93b52d5c195,mast cell,['normal' 'oropharynx squamous cell carcinoma'],517,10,7,2,208
653,19e46756-9100-4e01-8b0e-23b557558a4c,platelet,['clonal hematopoiesis' 'normal'],505,23,7,2,162
654,5af90777-6760-4003-9dba-8f945fec6fdf,kidney loop of Henle ascending limb epithelial cell,['nonpapillary renal cell carcinoma' 'normal'],465,8,7,2,76
655,c893ddc3-f25b-45e2-8c9e-155918b4261c,oligodendrocyte,['normal' 'opiate dependence'],62982,12,6,2,27831
656,7bb64315-9e5a-41b9-9235-59acf9642a3e,epithelial cell of esophagus,['Barrett esophagus' 'normal'],28360,19,6,2,2061
657,456e8b9b-f872-488b-871d-94534090a865,CD14-positive monocyte,['COVID-19' 'normal'],10339,13,6,2,2054
658,0f4865d5-8000-4f68-8ac7-f5efea9e5e70,myofibroblast cell,['Crohn disease' 'normal'],9206,38,6,2,476
659,c893ddc3-f25b-45e2-8c9e-155918b4261c,astrocyte,['normal' 'opiate dependence'],8463,12,6,2,4215
660,456e8b9b-f872-488b-871d-94534090a865,natural killer cell,['COVID-19' 'normal'],6857,13,6,2,2150
661,c893ddc3-f25b-45e2-8c9e-155918b4261c,oligodendrocyte precursor cell,['normal' 'opiate dependence'],6632,12,6,2,3283
662,c893ddc3-f25b-45e2-8c9e-155918b4261c,microglial cell,['normal' 'opiate dependence'],6630,12,6,2,3117
663,c893ddc3-f25b-45e2-8c9e-155918b4261c,indirect pathway medium spiny neuron,['normal' 'opiate dependence'],6172,12,6,2,2401
664,456e8b9b-f872-488b-871d-94534090a865,"CD8-positive, alpha-beta memory T cell",['COVID-19' 'normal'],6065,13,6,2,2753
665,c893ddc3-f25b-45e2-8c9e-155918b4261c,direct pathway medium spiny neuron,['normal' 'opiate dependence'],5385,12,6,2,2098
666,b3a5a10f-b1cb-4e8e-abce-bf345448625b,early promyelocyte,['acute myeloid leukemia' 'acute promyelocytic leukemia'],5106,15,6,2,1016
667,0f4865d5-8000-4f68-8ac7-f5efea9e5e70,pericyte,['Crohn disease' 'normal'],4929,38,6,2,196
668,456e8b9b-f872-488b-871d-94534090a865,"CD4-positive, alpha-beta memory T cell",['COVID-19' 'normal'],4098,13,6,2,1208
669,456e8b9b-f872-488b-871d-94534090a865,naive T cell,['COVID-19' 'normal'],3840,13,6,2,1616
670,456e8b9b-f872-488b-871d-94534090a865,B cell,['COVID-19' 'normal'],3681,13,6,2,1715
671,8e47ed12-c658-4252-b126-381df8d52a3d,B cell,['Crohn disease' 'normal'],2929,13,6,2,760
672,b3a5a10f-b1cb-4e8e-abce-bf345448625b,myelocyte,['acute myeloid leukemia' 'acute promyelocytic leukemia'],2736,15,6,2,218
673,0f4865d5-8000-4f68-8ac7-f5efea9e5e70,glial cell,['Crohn disease' 'normal'],2617,35,6,2,502
674,e7c5ba7e-4be0-4696-af50-a07d0dc7aac5,chondrocyte,['basal cell carcinoma' 'normal'],2209,26,6,2,88
675,b3a5a10f-b1cb-4e8e-abce-bf345448625b,"CD4-positive, alpha-beta memory T cell",['acute myeloid leukemia' 'acute promyelocytic leukemia'],1806,15,6,2,238
676,456e8b9b-f872-488b-871d-94534090a865,erythrocyte,['COVID-19' 'normal'],1437,12,6,2,178
677,456e8b9b-f872-488b-871d-94534090a865,monocyte,['COVID-19' 'normal'],1348,13,6,2,433
678,8e47ed12-c658-4252-b126-381df8d52a3d,"CD4-positive, alpha-beta T cell",['Crohn disease' 'normal'],1258,13,6,2,493
679,c893ddc3-f25b-45e2-8c9e-155918b4261c,inhibitory interneuron,['normal' 'opiate dependence'],1167,12,6,2,416
680,d8da613f-e681-4c69-b463-e94f5e66847f,capillary endothelial cell,['COVID-19' 'normal'],1010,24,6,2,429
681,456e8b9b-f872-488b-871d-94534090a865,IgA plasmablast,['COVID-19' 'normal'],956,13,6,2,66
682,b3a5a10f-b1cb-4e8e-abce-bf345448625b,late promyelocyte,['acute myeloid leukemia' 'acute promyelocytic leukemia'],933,15,6,2,346
683,b3a5a10f-b1cb-4e8e-abce-bf345448625b,"CD8-positive, alpha-beta memory T cell",['acute myeloid leukemia' 'acute promyelocytic leukemia'],890,15,6,2,169
684,456e8b9b-f872-488b-871d-94534090a865,"effector CD8-positive, alpha-beta T cell",['COVID-19' 'normal'],697,13,6,2,132
685,b3a5a10f-b1cb-4e8e-abce-bf345448625b,"CD16-positive, CD56-dim natural killer cell, human",['acute myeloid leukemia' 'acute promyelocytic leukemia'],690,15,6,2,306
686,c893ddc3-f25b-45e2-8c9e-155918b4261c,medium spiny neuron,['normal' 'opiate dependence'],593,12,6,2,214
687,c893ddc3-f25b-45e2-8c9e-155918b4261c,endothelial cell,['normal' 'opiate dependence'],581,12,6,2,284
688,edc8d3fe-153c-4e3d-8be0-2108d30f8d70,plasma cell,['COVID-19' 'normal'],570,18,6,2,279
689,13b61a7d-5605-4948-ba48-02c588960143,multi-ciliated epithelial cell,['COVID-19' 'respiratory failure'],535,35,6,2,58
690,456e8b9b-f872-488b-871d-94534090a865,granulocyte,['COVID-19' 'normal'],530,13,6,2,110
691,456e8b9b-f872-488b-871d-94534090a865,platelet,['COVID-19' 'normal'],527,13,6,2,63
692,242c6e7f-9016-4048-af70-d631f5eea188,"CD4-positive, alpha-beta T cell",['COVID-19' 'normal'],61350,14,5,2,10002
693,965386e9-1e4f-466d-bf59-ebdca4b66b9b,unknown,['B-cell non-Hodgkin lymphoma' 'normal'],54223,22,5,2,19631
694,242c6e7f-9016-4048-af70-d631f5eea188,monocyte,['COVID-19' 'normal'],38476,14,5,2,7346
695,242c6e7f-9016-4048-af70-d631f5eea188,"CD8-positive, alpha-beta T cell",['COVID-19' 'normal'],35752,14,5,2,5420
696,e6361237-ac4e-4c5d-ad8f-f16aca0c0a8f,neuron,['frontotemporal dementia' 'normal'],34506,14,5,2,13403
697,a199ca73-035d-44e2-9893-4c493151db21,"naive thymus-derived CD4-positive, alpha-beta T cell",['juvenile dermatomyositis' 'normal'],32317,20,5,2,7710
698,242c6e7f-9016-4048-af70-d631f5eea188,natural killer cell,['COVID-19' 'normal'],28834,14,5,2,7706
699,37b21763-7f0f-41ae-9001-60bad6e2841d,pancreatic acinar cell,['normal' 'type 1 diabetes mellitus'],23216,24,5,2,9467
700,87a06a2a-16c6-42f7-af1b-529fad431051,lymphocyte,['atrial fibrillation' 'normal'],21414,12,5,2,8725
701,242c6e7f-9016-4048-af70-d631f5eea188,B cell,['COVID-19' 'normal'],21190,14,5,2,3175
702,e6361237-ac4e-4c5d-ad8f-f16aca0c0a8f,oligodendrocyte,['frontotemporal dementia' 'normal'],18584,14,5,2,4798
703,a199ca73-035d-44e2-9893-4c493151db21,naive B cell,['juvenile dermatomyositis' 'normal'],16229,20,5,2,2600
704,965386e9-1e4f-466d-bf59-ebdca4b66b9b,classical monocyte,['B-cell non-Hodgkin lymphoma' 'normal'],15614,22,5,2,4892
705,a199ca73-035d-44e2-9893-4c493151db21,"CD14-positive, CD16-negative classical monocyte",['juvenile dermatomyositis' 'normal'],15470,20,5,2,3304
706,b61a921b-7fa3-4b42-b455-aaaf32447920,ciliated columnar cell of tracheobronchial tree,['chronic obstructive pulmonary disease' 'normal'],14943,17,5,2,3142
707,a199ca73-035d-44e2-9893-4c493151db21,"naive thymus-derived CD8-positive, alpha-beta T cell",['juvenile dermatomyositis' 'normal'],13805,20,5,2,2919
708,37b21763-7f0f-41ae-9001-60bad6e2841d,pancreatic ductal cell,['normal' 'type 1 diabetes mellitus'],11924,24,5,2,5792
709,37b21763-7f0f-41ae-9001-60bad6e2841d,pancreatic A cell,['normal' 'type 1 diabetes mellitus'],11589,24,5,2,1727
710,87a06a2a-16c6-42f7-af1b-529fad431051,mononuclear phagocyte,['atrial fibrillation' 'normal'],10555,12,5,2,2254
711,b61a921b-7fa3-4b42-b455-aaaf32447920,"CD4-positive, alpha-beta T cell",['chronic obstructive pulmonary disease' 'normal'],10389,17,5,2,821
712,e6361237-ac4e-4c5d-ad8f-f16aca0c0a8f,astrocyte,['frontotemporal dementia' 'normal'],8532,14,5,2,2692
713,a199ca73-035d-44e2-9893-4c493151db21,"effector CD4-positive, alpha-beta T cell",['juvenile dermatomyositis' 'normal'],8207,20,5,2,1446
714,59b69042-47c2-47fd-ad03-d21beb99818f,classical monocyte,['COVID-19' 'normal'],7915,12,5,2,3351
715,a199ca73-035d-44e2-9893-4c493151db21,"CD16-positive, CD56-dim natural killer cell, human",['juvenile dermatomyositis' 'normal'],7150,20,5,2,1644
716,b61a921b-7fa3-4b42-b455-aaaf32447920,vein endothelial cell of respiratory system,['chronic obstructive pulmonary disease' 'normal'],6759,17,5,2,1407
717,59b69042-47c2-47fd-ad03-d21beb99818f,natural killer cell,['COVID-19' 'normal'],6332,12,5,2,1767
718,b61a921b-7fa3-4b42-b455-aaaf32447920,monocyte,['chronic obstructive pulmonary disease' 'normal'],6247,17,5,2,1212
719,b61a921b-7fa3-4b42-b455-aaaf32447920,bronchus fibroblast of lung,['chronic obstructive pulmonary disease' 'normal'],5139,17,5,2,1432
720,59b69042-47c2-47fd-ad03-d21beb99818f,"naive thymus-derived CD4-positive, alpha-beta T cell",['COVID-19' 'normal'],4919,12,5,2,2277
721,b61a921b-7fa3-4b42-b455-aaaf32447920,mature NK T cell,['chronic obstructive pulmonary disease' 'normal'],4836,17,5,2,922
722,b61a921b-7fa3-4b42-b455-aaaf32447920,blood vessel smooth muscle cell,['chronic obstructive pulmonary disease' 'normal'],4804,17,5,2,901
723,b61a921b-7fa3-4b42-b455-aaaf32447920,tracheobronchial serous cell,['chronic obstructive pulmonary disease' 'normal'],4734,17,5,2,224
724,b61a921b-7fa3-4b42-b455-aaaf32447920,B cell,['chronic obstructive pulmonary disease' 'normal'],4601,17,5,2,819
725,965386e9-1e4f-466d-bf59-ebdca4b66b9b,non-classical monocyte,['B-cell non-Hodgkin lymphoma' 'normal'],4590,22,5,2,549
726,37b21763-7f0f-41ae-9001-60bad6e2841d,unknown,['normal' 'type 1 diabetes mellitus'],4425,24,5,2,1385
727,59b69042-47c2-47fd-ad03-d21beb99818f,platelet,['COVID-19' 'normal'],4348,12,5,2,752
728,87a06a2a-16c6-42f7-af1b-529fad431051,endothelial cell,['atrial fibrillation' 'normal'],3918,12,5,2,1528
729,a199ca73-035d-44e2-9893-4c493151db21,gamma-delta T cell,['juvenile dermatomyositis' 'normal'],3749,20,5,2,1149
730,965386e9-1e4f-466d-bf59-ebdca4b66b9b,natural killer cell,['B-cell non-Hodgkin lymphoma' 'normal'],3708,22,5,2,603
731,a199ca73-035d-44e2-9893-4c493151db21,"effector CD8-positive, alpha-beta T cell",['juvenile dermatomyositis' 'normal'],3667,20,5,2,844
732,59b69042-47c2-47fd-ad03-d21beb99818f,"effector memory CD8-positive, alpha-beta T cell",['COVID-19' 'normal'],3615,12,5,2,1305
733,b61a921b-7fa3-4b42-b455-aaaf32447920,"CD8-positive, alpha-beta T cell",['chronic obstructive pulmonary disease' 'normal'],3577,17,5,2,590
734,59b69042-47c2-47fd-ad03-d21beb99818f,"central memory CD4-positive, alpha-beta T cell",['COVID-19' 'normal'],3500,12,5,2,688
735,b61a921b-7fa3-4b42-b455-aaaf32447920,lung microvascular endothelial cell,['chronic obstructive pulmonary disease' 'normal'],3430,17,5,2,204
736,b61a921b-7fa3-4b42-b455-aaaf32447920,pulmonary capillary endothelial cell,['chronic obstructive pulmonary disease' 'normal'],3420,17,5,2,218
737,242c6e7f-9016-4048-af70-d631f5eea188,dendritic cell,['COVID-19' 'normal'],3368,14,5,2,550
738,59b69042-47c2-47fd-ad03-d21beb99818f,non-classical monocyte,['COVID-19' 'normal'],3359,11,5,2,821
739,b61a921b-7fa3-4b42-b455-aaaf32447920,macrophage,['chronic obstructive pulmonary disease' 'normal'],3209,17,5,2,348
740,242c6e7f-9016-4048-af70-d631f5eea188,gamma-delta T cell,['COVID-19' 'normal'],3184,14,5,2,1206
741,59b69042-47c2-47fd-ad03-d21beb99818f,conventional dendritic cell,['COVID-19' 'normal'],2966,12,5,2,1013
742,b61a921b-7fa3-4b42-b455-aaaf32447920,respiratory basal cell,['chronic obstructive pulmonary disease' 'normal'],2916,17,5,2,1113
743,b61a921b-7fa3-4b42-b455-aaaf32447920,mast cell,['chronic obstructive pulmonary disease' 'normal'],2713,16,5,2,1337
744,37b21763-7f0f-41ae-9001-60bad6e2841d,endothelial cell,['normal' 'type 1 diabetes mellitus'],2658,24,5,2,1126
745,e6361237-ac4e-4c5d-ad8f-f16aca0c0a8f,oligodendrocyte precursor cell,['frontotemporal dementia' 'normal'],2591,14,5,2,1022
746,87a06a2a-16c6-42f7-af1b-529fad431051,fibroblast,['atrial fibrillation' 'normal'],2539,11,5,2,1062
747,87a06a2a-16c6-42f7-af1b-529fad431051,mural cell,['atrial fibrillation' 'normal'],2434,12,5,2,1175
748,b61a921b-7fa3-4b42-b455-aaaf32447920,fibroblast,['chronic obstructive pulmonary disease' 'normal'],2401,14,5,2,208
749,b61a921b-7fa3-4b42-b455-aaaf32447920,respiratory suprabasal cell,['chronic obstructive pulmonary disease' 'normal'],2355,17,5,2,119
750,b61a921b-7fa3-4b42-b455-aaaf32447920,natural killer cell,['chronic obstructive pulmonary disease' 'normal'],2303,17,5,2,208
751,965386e9-1e4f-466d-bf59-ebdca4b66b9b,lymphocyte,['B-cell non-Hodgkin lymphoma' 'normal'],2236,22,5,2,471
752,37b21763-7f0f-41ae-9001-60bad6e2841d,pancreatic stellate cell,['normal' 'type 1 diabetes mellitus'],2163,24,5,2,1003
753,59b69042-47c2-47fd-ad03-d21beb99818f,"plasmacytoid dendritic cell, human",['COVID-19' 'normal'],2128,12,5,2,1061
754,965386e9-1e4f-466d-bf59-ebdca4b66b9b,common myeloid progenitor,['B-cell non-Hodgkin lymphoma' 'normal'],2075,22,5,2,878
755,59b69042-47c2-47fd-ad03-d21beb99818f,naive B cell,['COVID-19' 'normal'],2037,12,5,2,415
756,b3a5a10f-b1cb-4e8e-abce-bf345448625b,"effector memory CD8-positive, alpha-beta T cell",['acute myeloid leukemia' 'acute promyelocytic leukemia'],1773,13,5,2,213
757,b61a921b-7fa3-4b42-b455-aaaf32447920,conventional dendritic cell,['chronic obstructive pulmonary disease' 'normal'],1643,17,5,2,271
758,e6361237-ac4e-4c5d-ad8f-f16aca0c0a8f,microglial cell,['frontotemporal dementia' 'normal'],1638,14,5,2,502
759,965386e9-1e4f-466d-bf59-ebdca4b66b9b,memory B cell,['B-cell non-Hodgkin lymphoma' 'normal'],1561,22,5,2,311
760,b61a921b-7fa3-4b42-b455-aaaf32447920,respiratory goblet cell,['chronic obstructive pulmonary disease' 'normal'],1544,16,5,2,344
761,b61a921b-7fa3-4b42-b455-aaaf32447920,T cell,['chronic obstructive pulmonary disease' 'normal'],1477,15,5,2,397
762,965386e9-1e4f-466d-bf59-ebdca4b66b9b,naive B cell,['B-cell non-Hodgkin lymphoma' 'normal'],1476,21,5,2,313
763,37b21763-7f0f-41ae-9001-60bad6e2841d,pancreatic D cell,['normal' 'type 1 diabetes mellitus'],1410,24,5,2,193
764,242c6e7f-9016-4048-af70-d631f5eea188,T cell,['COVID-19' 'normal'],1407,14,5,2,541
765,7bb64315-9e5a-41b9-9235-59acf9642a3e,type G enteroendocrine cell,['gastric intestinal metaplasia' 'gastritis'],1405,10,5,2,72
766,965386e9-1e4f-466d-bf59-ebdca4b66b9b,"plasmacytoid dendritic cell, human",['B-cell non-Hodgkin lymphoma' 'normal'],1272,22,5,2,262
767,242c6e7f-9016-4048-af70-d631f5eea188,mucosal invariant T cell,['COVID-19' 'normal'],1244,14,5,2,199
768,965386e9-1e4f-466d-bf59-ebdca4b66b9b,hematopoietic stem cell,['B-cell non-Hodgkin lymphoma' 'normal'],1207,22,5,2,579
769,59b69042-47c2-47fd-ad03-d21beb99818f,"CD4-positive, alpha-beta cytotoxic T cell",['COVID-19' 'normal'],1176,11,5,2,580
770,965386e9-1e4f-466d-bf59-ebdca4b66b9b,plasma cell,['B-cell non-Hodgkin lymphoma' 'normal'],1110,22,5,2,437
771,b3a5a10f-b1cb-4e8e-abce-bf345448625b,conventional dendritic cell,['acute myeloid leukemia' 'acute promyelocytic leukemia'],1033,14,5,2,56
772,b3a5a10f-b1cb-4e8e-abce-bf345448625b,"central memory CD8-positive, alpha-beta T cell",['acute myeloid leukemia' 'acute promyelocytic leukemia'],968,12,5,2,64
773,965386e9-1e4f-466d-bf59-ebdca4b66b9b,dendritic cell,['B-cell non-Hodgkin lymphoma' 'normal'],961,22,5,2,384
774,5af90777-6760-4003-9dba-8f945fec6fdf,epithelial cell of proximal tubule segment 3,['nonpapillary renal cell carcinoma' 'normal'],956,8,5,2,76
775,a199ca73-035d-44e2-9893-4c493151db21,"CD4-positive, CD25-positive, alpha-beta regulatory T cell",['juvenile dermatomyositis' 'normal'],931,20,5,2,101
776,a199ca73-035d-44e2-9893-4c493151db21,"CD16-negative, CD56-bright natural killer cell, human",['juvenile dermatomyositis' 'normal'],899,19,5,2,311
777,b61a921b-7fa3-4b42-b455-aaaf32447920,endothelial cell of lymphatic vessel,['chronic obstructive pulmonary disease' 'normal'],870,17,5,2,141
778,e6361237-ac4e-4c5d-ad8f-f16aca0c0a8f,endothelial cell,['frontotemporal dementia' 'normal'],868,14,5,2,418
779,242c6e7f-9016-4048-af70-d631f5eea188,stem cell,['COVID-19' 'normal'],827,14,5,2,391
780,b61a921b-7fa3-4b42-b455-aaaf32447920,unknown,['chronic obstructive pulmonary disease' 'normal'],783,16,5,2,366
781,30cd5311-6c09-46c9-94f1-71fe4b91813c,granulocyte,['COVID-19' 'normal'],776,15,5,2,140
782,37b21763-7f0f-41ae-9001-60bad6e2841d,PP cell,['normal' 'type 1 diabetes mellitus'],761,24,5,2,276
783,59b69042-47c2-47fd-ad03-d21beb99818f,transitional stage B cell,['COVID-19' 'normal'],708,12,5,2,334
784,59b69042-47c2-47fd-ad03-d21beb99818f,hematopoietic stem cell,['COVID-19' 'normal'],703,12,5,2,266
785,a199ca73-035d-44e2-9893-4c493151db21,"CD14-low, CD16-positive monocyte",['juvenile dermatomyositis' 'normal'],660,20,5,2,196
786,595c9010-99ec-462d-b6a1-2b2fe5407871,macrophage,['COVID-19' 'aspiration pneumonia'],644,12,5,2,313
787,b61a921b-7fa3-4b42-b455-aaaf32447920,pericyte,['chronic obstructive pulmonary disease' 'normal'],619,17,5,2,116
788,59b69042-47c2-47fd-ad03-d21beb99818f,regulatory T cell,['COVID-19' 'normal'],570,12,5,2,166
789,5af90777-6760-4003-9dba-8f945fec6fdf,mast cell,['nonpapillary renal cell carcinoma' 'normal'],564,11,5,2,62
790,965386e9-1e4f-466d-bf59-ebdca4b66b9b,small pre-B-II cell,['B-cell non-Hodgkin lymphoma' 'normal'],562,19,5,2,183
791,b61a921b-7fa3-4b42-b455-aaaf32447920,chondrocyte,['chronic obstructive pulmonary disease' 'normal'],536,15,5,2,69
792,d8da613f-e681-4c69-b463-e94f5e66847f,respiratory basal cell,['COVID-19' 'normal'],534,24,5,2,169
793,b61a921b-7fa3-4b42-b455-aaaf32447920,plasma cell,['chronic obstructive pulmonary disease' 'normal'],523,17,5,2,84
794,a199ca73-035d-44e2-9893-4c493151db21,plasmacytoid dendritic cell,['juvenile dermatomyositis' 'normal'],511,20,5,2,142
795,5829c7ba-697f-418e-8b98-d605b192dc48,oligodendrocyte,['Lewy body dementia' 'Parkinson disease'],101978,10,4,2,35233
796,1c739a3e-c3f5-49d5-98e0-73975e751201,cardiac muscle myoblast,['myocardial infarction' 'normal'],64510,20,4,2,18310
797,1c739a3e-c3f5-49d5-98e0-73975e751201,fibroblast of cardiac tissue,['myocardial infarction' 'normal'],47309,20,4,2,9452
798,251b1a7e-d050-4486-8d50-4c2619eb0f46,neuron,['Lewy body dementia' 'Parkinson disease'],44619,10,4,2,10214
799,518d9049-2a76-44f8-8abc-1e2b59ab5ba1,plasma cell,['Crohn disease' 'normal'],40915,22,4,2,5312
800,5ce42b38-d867-487f-9b40-e8bb00b21d0b,enterocyte,['Crohn disease' 'normal'],36943,22,4,2,7564
801,1c739a3e-c3f5-49d5-98e0-73975e751201,cardiac endothelial cell,['myocardial infarction' 'normal'],32684,20,4,2,6175
802,1c739a3e-c3f5-49d5-98e0-73975e751201,immature innate lymphoid cell,['myocardial infarction' 'normal'],21082,20,4,2,3155
803,07760522-707a-4a1c-8891-dbd1226d6b27,astrocyte,['Lewy body dementia' 'Parkinson disease'],18927,10,4,2,6971
804,6cf3634d-e911-44ad-bf52-c747a9af3c01,fibroblast,['Crohn disease' 'normal'],18845,22,4,2,4820
805,f8d8b443-bca6-4c3c-9042-669dfb7f8030,microglial cell,['Lewy body dementia' 'Parkinson disease'],16286,10,4,2,6607
806,518d9049-2a76-44f8-8abc-1e2b59ab5ba1,"CD4-positive, alpha-beta T cell",['Crohn disease' 'normal'],13182,22,4,2,1034
807,5ce42b38-d867-487f-9b40-e8bb00b21d0b,stem cell,['Crohn disease' 'normal'],12912,22,4,2,3495
808,1c739a3e-c3f5-49d5-98e0-73975e751201,pericyte,['myocardial infarction' 'normal'],11752,20,4,2,2669
809,518d9049-2a76-44f8-8abc-1e2b59ab5ba1,macrophage,['Crohn disease' 'normal'],11440,22,4,2,2711
810,37b21763-7f0f-41ae-9001-60bad6e2841d,type B pancreatic cell,['normal' 'type 1 diabetes mellitus'],11298,23,4,2,1071
811,5ce42b38-d867-487f-9b40-e8bb00b21d0b,goblet cell,['Crohn disease' 'normal'],11063,22,4,2,2032
812,dc30c3ec-46d6-4cd8-8ec1-b544a3d0f503,oligodendrocyte,['multiple sclerosis' 'normal'],8180,9,4,2,3611
813,4dd1cd23-fc4d-4fd1-9709-602540f3ca6f,oligodendrocyte precursor cell,['Lewy body dementia' 'Parkinson disease'],7825,10,4,2,3115
814,f5be4b96-f5a3-4c3d-84ac-6f69daf744d5,endothelial cell,['Lewy body dementia' 'Parkinson disease'],6811,10,4,2,1677
815,2856d06c-0ff9-4e01-bfc9-202b74d0b60f,dopaminergic neuron,['Lewy body dementia' 'Parkinson disease'],6364,10,4,2,2715
816,b61a921b-7fa3-4b42-b455-aaaf32447920,pulmonary alveolar type 2 cell,['chronic obstructive pulmonary disease' 'normal'],6246,16,4,2,670
817,518d9049-2a76-44f8-8abc-1e2b59ab5ba1,B cell,['Crohn disease' 'normal'],6161,22,4,2,649
818,518d9049-2a76-44f8-8abc-1e2b59ab5ba1,mast cell,['Crohn disease' 'normal'],5739,22,4,2,600
819,6cf3634d-e911-44ad-bf52-c747a9af3c01,endothelial cell,['Crohn disease' 'normal'],5707,22,4,2,1391
820,5ce42b38-d867-487f-9b40-e8bb00b21d0b,epithelial cell,['Crohn disease' 'normal'],5335,22,4,2,1291
821,1c739a3e-c3f5-49d5-98e0-73975e751201,lymphoid lineage restricted progenitor cell,['myocardial infarction' 'normal'],5064,20,4,2,527
822,dc30c3ec-46d6-4cd8-8ec1-b544a3d0f503,neuron,['multiple sclerosis' 'normal'],5031,9,4,2,1768
823,0f4865d5-8000-4f68-8ac7-f5efea9e5e70,lymphocyte,['Crohn disease' 'normal'],3787,35,4,2,139
824,1c739a3e-c3f5-49d5-98e0-73975e751201,unknown,['myocardial infarction' 'normal'],2980,20,4,2,223
825,6cf3634d-e911-44ad-bf52-c747a9af3c01,myofibroblast cell,['Crohn disease' 'normal'],2976,21,4,2,1019
826,1c739a3e-c3f5-49d5-98e0-73975e751201,smooth muscle myoblast,['myocardial infarction' 'normal'],2736,20,4,2,411
827,1c739a3e-c3f5-49d5-98e0-73975e751201,neuronal receptor cell,['myocardial infarction' 'normal'],2436,20,4,2,576
828,518d9049-2a76-44f8-8abc-1e2b59ab5ba1,plasmacytoid dendritic cell,['Crohn disease' 'normal'],2429,22,4,2,336
829,b61a921b-7fa3-4b42-b455-aaaf32447920,alternatively activated macrophage,['chronic obstructive pulmonary disease' 'normal'],2390,16,4,2,747
830,6cf3634d-e911-44ad-bf52-c747a9af3c01,glial cell,['Crohn disease' 'normal'],1593,21,4,2,587
831,518d9049-2a76-44f8-8abc-1e2b59ab5ba1,leukocyte,['Crohn disease' 'normal'],1524,22,4,2,149
832,dc30c3ec-46d6-4cd8-8ec1-b544a3d0f503,astrocyte,['multiple sclerosis' 'normal'],1242,9,4,2,454
833,a199ca73-035d-44e2-9893-4c493151db21,memory B cell,['juvenile dermatomyositis' 'normal'],1119,14,4,2,468
834,6cf3634d-e911-44ad-bf52-c747a9af3c01,pericyte,['Crohn disease' 'normal'],942,21,4,2,298
835,9f222629-9e39-47d0-b83f-e08d610c7479,fibroblast,['COVID-19' 'normal'],930,21,4,2,183
836,b61a921b-7fa3-4b42-b455-aaaf32447920,deuterosomal cell,['chronic obstructive pulmonary disease' 'normal'],900,16,4,2,69
837,dc30c3ec-46d6-4cd8-8ec1-b544a3d0f503,endothelial cell,['multiple sclerosis' 'normal'],836,9,4,2,116
838,1c739a3e-c3f5-49d5-98e0-73975e751201,mast cell,['myocardial infarction' 'normal'],719,19,4,2,150
839,b61a921b-7fa3-4b42-b455-aaaf32447920,bronchiolar smooth muscle cell,['chronic obstructive pulmonary disease' 'normal'],634,16,4,2,97
840,518d9049-2a76-44f8-8abc-1e2b59ab5ba1,conventional dendritic cell,['Crohn disease' 'normal'],625,22,4,2,109
841,965386e9-1e4f-466d-bf59-ebdca4b66b9b,megakaryocyte,['B-cell non-Hodgkin lymphoma' 'normal'],625,17,4,2,97
842,de2c780c-1747-40bd-9ccf-9588ec186cee,dendritic cell,['COVID-19' 'normal'],611,12,4,2,288
843,dc30c3ec-46d6-4cd8-8ec1-b544a3d0f503,pericyte,['multiple sclerosis' 'normal'],585,9,4,2,134
844,b61a921b-7fa3-4b42-b455-aaaf32447920,vascular associated smooth muscle cell,['chronic obstructive pulmonary disease' 'normal'],502,14,4,2,86
845,574e9f9e-f8b4-41ef-bf19-89a9964fd9c7,basal cell of prostate epithelium,['benign prostatic hyperplasia' 'normal'],27979,9,3,2,13904
846,6c600df6-ddca-4628-a8bb-1d6de1e3f9b4,glutamatergic neuron,['Alzheimer disease' 'normal'],20301,10,3,2,4389
847,6c600df6-ddca-4628-a8bb-1d6de1e3f9b4,oligodendrocyte,['Alzheimer disease' 'normal'],18360,10,3,2,3048
848,7b20c613-9add-43d1-87e9-defd3d9b9f8c,"central memory CD8-positive, alpha-beta T cell",['basal cell carcinoma' 'squamous cell carcinoma'],17301,14,3,2,1876
849,a1b9c51e-a408-4f7f-bccb-abefe20ae2a5,microglial cell,['Alzheimer disease' 'temporal lobe epilepsy'],16099,17,3,2,2013
850,1e5bd3b8-6a0e-4959-8d69-cafed30fe814,T cell,['normal' 'pulmonary emphysema'],12953,6,3,2,3417
851,574e9f9e-f8b4-41ef-bf19-89a9964fd9c7,prostate gland microvascular endothelial cell,['benign prostatic hyperplasia' 'normal'],11545,9,3,2,1547
852,2727d83a-0af0-443a-bff8-58dc7028289a,glutamatergic neuron,['Alzheimer disease' 'normal'],10780,10,3,2,3817
853,99950e99-2758-41d2-b2c9-643edcdf6d82,B cell,['follicular lymphoma' 'normal'],10049,22,3,2,2553
854,2727d83a-0af0-443a-bff8-58dc7028289a,oligodendrocyte,['Alzheimer disease' 'normal'],9615,10,3,2,1520
855,99950e99-2758-41d2-b2c9-643edcdf6d82,"naive thymus-derived CD4-positive, alpha-beta T cell",['follicular lymphoma' 'normal'],9438,22,3,2,1152
856,1e5bd3b8-6a0e-4959-8d69-cafed30fe814,monocyte,['normal' 'pulmonary emphysema'],8823,6,3,2,4248
857,7b20c613-9add-43d1-87e9-defd3d9b9f8c,"CD8-positive, CD28-negative, alpha-beta regulatory T cell",['basal cell carcinoma' 'squamous cell carcinoma'],8377,12,3,2,2257
858,0b75c598-0893-4216-afe8-5414cab7739d,kidney loop of Henle thick ascending limb epithelial cell,['acute kidney failure' 'chronic kidney disease'],8115,7,3,2,1368
859,0b75c598-0893-4216-afe8-5414cab7739d,epithelial cell of proximal tubule,['acute kidney failure' 'chronic kidney disease'],8047,7,3,2,2274
860,6c600df6-ddca-4628-a8bb-1d6de1e3f9b4,mature astrocyte,['Alzheimer disease' 'normal'],8025,10,3,2,1844
861,6c600df6-ddca-4628-a8bb-1d6de1e3f9b4,GABAergic neuron,['Alzheimer disease' 'normal'],7964,10,3,2,1652
862,574e9f9e-f8b4-41ef-bf19-89a9964fd9c7,epithelial cell of urethra,['benign prostatic hyperplasia' 'normal'],7667,9,3,2,1085
863,7b20c613-9add-43d1-87e9-defd3d9b9f8c,regulatory T cell,['basal cell carcinoma' 'squamous cell carcinoma'],7467,12,3,2,2751
864,99950e99-2758-41d2-b2c9-643edcdf6d82,regulatory T cell,['follicular lymphoma' 'normal'],6686,23,3,2,1057
865,2727d83a-0af0-443a-bff8-58dc7028289a,mature microglial cell,['Alzheimer disease' 'normal'],6003,10,3,2,702
866,2727d83a-0af0-443a-bff8-58dc7028289a,mature astrocyte,['Alzheimer disease' 'normal'],5916,10,3,2,1003
867,4b6af54a-4a21-46e0-bc8d-673c0561a836,endothelial cell,['normal' 'pulmonary emphysema'],5874,6,3,2,2471
868,2727d83a-0af0-443a-bff8-58dc7028289a,GABAergic neuron,['Alzheimer disease' 'normal'],5571,10,3,2,1732
869,4b6af54a-4a21-46e0-bc8d-673c0561a836,fibroblast,['normal' 'pulmonary emphysema'],5415,6,3,2,2287
870,99950e99-2758-41d2-b2c9-643edcdf6d82,T follicular helper cell,['follicular lymphoma' 'normal'],5395,23,3,2,695
871,6c600df6-ddca-4628-a8bb-1d6de1e3f9b4,mature microglial cell,['Alzheimer disease' 'normal'],4093,10,3,2,675
872,2727d83a-0af0-443a-bff8-58dc7028289a,oligodendrocyte precursor cell,['Alzheimer disease' 'normal'],3913,10,3,2,894
873,574e9f9e-f8b4-41ef-bf19-89a9964fd9c7,fibroblast of connective tissue of nonglandular part of prostate,['benign prostatic hyperplasia' 'normal'],3827,9,3,2,323
874,1e5bd3b8-6a0e-4959-8d69-cafed30fe814,natural killer cell,['normal' 'pulmonary emphysema'],3709,6,3,2,1030
875,574e9f9e-f8b4-41ef-bf19-89a9964fd9c7,secretory cell,['benign prostatic hyperplasia' 'normal'],3655,9,3,2,1620
876,574e9f9e-f8b4-41ef-bf19-89a9964fd9c7,CD1c-positive myeloid dendritic cell,['benign prostatic hyperplasia' 'normal'],3605,9,3,2,86
877,99950e99-2758-41d2-b2c9-643edcdf6d82,T cell,['follicular lymphoma' 'normal'],3603,23,3,2,814
878,6c600df6-ddca-4628-a8bb-1d6de1e3f9b4,oligodendrocyte precursor cell,['Alzheimer disease' 'normal'],3468,10,3,2,901
879,574e9f9e-f8b4-41ef-bf19-89a9964fd9c7,dendritic cell,['benign prostatic hyperplasia' 'normal'],2988,9,3,2,81
880,1e5bd3b8-6a0e-4959-8d69-cafed30fe814,macrophage,['normal' 'pulmonary emphysema'],2982,6,3,2,1078
881,99950e99-2758-41d2-b2c9-643edcdf6d82,"effector CD8-positive, alpha-beta T cell",['follicular lymphoma' 'normal'],2912,22,3,2,339
882,4b6af54a-4a21-46e0-bc8d-673c0561a836,pulmonary alveolar type 2 cell,['normal' 'pulmonary emphysema'],2891,6,3,2,946
883,574e9f9e-f8b4-41ef-bf19-89a9964fd9c7,luminal cell of prostate epithelium,['benign prostatic hyperplasia' 'normal'],2826,9,3,2,1347
884,1e5bd3b8-6a0e-4959-8d69-cafed30fe814,mast cell,['normal' 'pulmonary emphysema'],2495,6,3,2,409
885,99950e99-2758-41d2-b2c9-643edcdf6d82,exhausted T cell,['follicular lymphoma' 'normal'],2347,23,3,2,524
886,574e9f9e-f8b4-41ef-bf19-89a9964fd9c7,pericyte,['benign prostatic hyperplasia' 'normal'],2200,9,3,2,272
887,1e5bd3b8-6a0e-4959-8d69-cafed30fe814,B cell,['normal' 'pulmonary emphysema'],2128,6,3,2,616
888,574e9f9e-f8b4-41ef-bf19-89a9964fd9c7,"CD4-positive, alpha-beta thymocyte",['benign prostatic hyperplasia' 'normal'],2057,9,3,2,107
889,574e9f9e-f8b4-41ef-bf19-89a9964fd9c7,smooth muscle cell of prostate,['benign prostatic hyperplasia' 'normal'],1799,9,3,2,212
890,0b75c598-0893-4216-afe8-5414cab7739d,endothelial cell,['acute kidney failure' 'chronic kidney disease'],1716,7,3,2,688
891,4b6af54a-4a21-46e0-bc8d-673c0561a836,smooth muscle cell,['normal' 'pulmonary emphysema'],1652,6,3,2,488
892,574e9f9e-f8b4-41ef-bf19-89a9964fd9c7,fibroblast of connective tissue of glandular part of prostate,['benign prostatic hyperplasia' 'normal'],1553,9,3,2,684
893,0b75c598-0893-4216-afe8-5414cab7739d,kidney collecting duct intercalated cell,['acute kidney failure' 'chronic kidney disease'],1510,7,3,2,418
894,0b75c598-0893-4216-afe8-5414cab7739d,kidney distal convoluted tubule epithelial cell,['acute kidney failure' 'chronic kidney disease'],1482,7,3,2,198
895,99950e99-2758-41d2-b2c9-643edcdf6d82,"naive thymus-derived CD8-positive, alpha-beta T cell",['follicular lymphoma' 'normal'],1441,22,3,2,308
896,6c600df6-ddca-4628-a8bb-1d6de1e3f9b4,endothelial cell,['Alzheimer disease' 'normal'],1397,10,3,2,137
897,574e9f9e-f8b4-41ef-bf19-89a9964fd9c7,vascular associated smooth muscle cell,['benign prostatic hyperplasia' 'normal'],1363,9,3,2,158
898,1e5bd3b8-6a0e-4959-8d69-cafed30fe814,plasma cell,['normal' 'pulmonary emphysema'],1301,6,3,2,377
899,99950e99-2758-41d2-b2c9-643edcdf6d82,"CD4-positive, alpha-beta cytotoxic T cell",['follicular lymphoma' 'normal'],1263,22,3,2,366
900,99950e99-2758-41d2-b2c9-643edcdf6d82,myeloid cell,['follicular lymphoma' 'normal'],1153,23,3,2,264
901,0b75c598-0893-4216-afe8-5414cab7739d,kidney collecting duct principal cell,['acute kidney failure' 'chronic kidney disease'],1139,7,3,2,434
902,0b75c598-0893-4216-afe8-5414cab7739d,kidney connecting tubule epithelial cell,['acute kidney failure' 'chronic kidney disease'],1081,7,3,2,267
903,0b75c598-0893-4216-afe8-5414cab7739d,kidney interstitial fibroblast,['acute kidney failure' 'chronic kidney disease'],1010,7,3,2,251
904,13b61a7d-5605-4948-ba48-02c588960143,erythroblast,['COVID-19' 'normal'],985,9,3,2,399
905,99950e99-2758-41d2-b2c9-643edcdf6d82,mature NK T cell,['follicular lymphoma' 'normal'],840,23,3,2,345
906,99950e99-2758-41d2-b2c9-643edcdf6d82,"CD4-positive, alpha-beta T cell",['follicular lymphoma' 'normal'],834,22,3,2,257
907,2727d83a-0af0-443a-bff8-58dc7028289a,endothelial cell,['Alzheimer disease' 'normal'],730,10,3,2,62
908,4b6af54a-4a21-46e0-bc8d-673c0561a836,endothelial cell of lymphatic vessel,['normal' 'pulmonary emphysema'],730,6,3,2,337
909,99950e99-2758-41d2-b2c9-643edcdf6d82,"CD8-positive, alpha-beta T cell",['follicular lymphoma' 'normal'],724,22,3,2,212
910,4b6af54a-4a21-46e0-bc8d-673c0561a836,epithelial cell of lower respiratory tract,['normal' 'pulmonary emphysema'],710,6,3,2,193
911,1e5bd3b8-6a0e-4959-8d69-cafed30fe814,alveolar macrophage,['normal' 'pulmonary emphysema'],680,6,3,2,289
912,4b6af54a-4a21-46e0-bc8d-673c0561a836,pulmonary alveolar type 1 cell,['normal' 'pulmonary emphysema'],673,6,3,2,299
913,1e5bd3b8-6a0e-4959-8d69-cafed30fe814,dendritic cell,['normal' 'pulmonary emphysema'],628,6,3,2,191
914,99950e99-2758-41d2-b2c9-643edcdf6d82,plasmacytoid dendritic cell,['follicular lymphoma' 'normal'],563,19,3,2,270
915,0b75c598-0893-4216-afe8-5414cab7739d,T cell,['acute kidney failure' 'chronic kidney disease'],511,7,3,2,252
